PERIODO,FECHA,HORA,NO2_CENTENARIO,PM10_CENTENARIO,PM10_CORDOBA,PM10_LA_BOCA,CO_PALERMO
2009,01/10/2009,14,20,S/D,S/D,S/D,S/D
2009,02/10/2009,1,68,35,30,19,34
2009,04/10/2009,13,24,9,6,6,11
2009,05/10/2009,1,51,22,21,17,16
2009,06/10/2009,1,73,28,19,17,S/D
2009,07/10/2009,1,44,30,32,26,S/D
2009,08/10/2009,1,58,35,34,29,S/D
2009,09/10/2009,1,49,20,17,11,S/D
2009,12/10/2009,13,2,14,18,8,S/D
2009,13/10/2009,1,46,21,19,23,S/D
2009,14/10/2009,1,44,10,19,8,S/D
2009,15/10/2009,1,53,18,21,18,S/D
2009,16/10/2009,1,7,22,15,22,S/D
2009,18/10/2009,13,34,15,8,11,S/D
2009,19/10/2009,1,49,23,19,16,S/D
2009,20/10/2009,1,13,50,40,48,S/D
2009,21/10/2009,1,74,33,26,25,S/D
2009,22/10/2009,1,89,39,48,33,S/D
2009,23/10/2009,1,74,23,32,15,S/D
2009,26/10/2009,1,71,23,22,6,S/D
2009,27/10/2009,1,46,25,19,9,S/D
2009,28/10/2009,1,64,22,13,15,S/D
2009,01/11/2009,13,55,15,19,18,S/D
2009,02/11/2009,1,44,21,15,13,S/D
2009,04/11/2009,1,69,20,17,16,S/D
2009,05/11/2009,1,78,26,21,22,S/D
2009,06/11/2009,1,85,21,28,22,S/D
2009,07/11/2009,1,5,14,24,13,S/D
2009,08/11/2009,1,5,28,20,22,S/D
2009,09/11/2009,1,63,20,17,20,S/D
2009,10/11/2009,1,83,37,33,36,S/D
2009,11/11/2009,1,9,42,S/D,32,S/D
2009,12/11/2009,1,73,25,19,21,S/D
2009,13/11/2009,1,74,34,16,21,S/D
2009,14/11/2009,1,93,30,27,30,S/D
2009,15/11/2009,1,49,20,23,16,S/D
2009,16/11/2009,1,63,38,23,34,S/D
2009,17/11/2009,1,58,10,10,12,S/D
2009,18/11/2009,1,63,21,29,15,S/D
2009,19/11/2009,1,66,13,18,14,S/D
2009,20/11/2009,1,9,43,22,37,S/D
2009,21/11/2009,1,68,20,18,11,S/D
2009,22/11/2009,1,99,19,15,23,S/D
2009,23/11/2009,1,73,14,21,22,S/D
2009,24/11/2009,1,8,17,43,19,S/D
2009,25/11/2009,1,91,17,16,24,S/D
2009,26/11/2009,1,88,20,17,21,S/D
2009,27/11/2009,1,86,22,20,13,S/D
2009,28/11/2009,1,96,23,21,26,S/D
2009,29/11/2009,1,88,20,21,23,S/D
2009,30/11/2009,1,32,S/D,S/D,S/D,0
2009,01/12/2009,1,99,43,22,39,S/D
2009,02/12/2009,1,51,33,20,23,S/D
2009,03/12/2009,1,86,14,20,14,S/D
2009,04/12/2009,1,64,27,35,31,S/D
2009,05/12/2009,1,64,19,23,15,S/D
2009,06/12/2009,1,9,24,32,20,S/D
2009,07/12/2009,1,46,25,33,20,S/D
2009,08/12/2009,1,59,17,26,12,S/D
2009,09/12/2009,1,51,20,21,17,S/D
2009,10/12/2009,1,7,29,21,24,S/D
2009,11/12/2009,1,85,24,25,20,S/D
2009,12/12/2009,1,85,17,56,12,S/D
2009,13/12/2009,1,61,18,34,19,S/D
2009,14/12/2009,1,69,15,23,17,S/D
2009,15/12/2009,1,95,40,34,35,S/D
2009,16/12/2009,1,66,14,28,14,S/D
2009,17/12/2009,1,76,17,26,11,S/D
2009,18/12/2009,1,71,16,24,19,S/D
2009,19/12/2009,1,79,29,26,18,S/D
2009,20/12/2009,1,5,21,S/D,S/D,S/D
2009,21/12/2009,1,49,18,S/D,S/D,S/D
2009,22/12/2009,1,83,36,37,26,S/D
2009,23/12/2009,13,9,S/D,31,14,S/D
2009,24/12/2009,1,96,17,15,S/D,S/D
2009,25/12/2009,1,54,13,16,8,S/D
2009,26/12/2009,1,64,19,21,10,S/D
2009,27/12/2009,1,59,11,21,12,S/D
2009,28/12/2009,1,59,11,21,12,S/D
2009,29/12/2009,1,19,30,S/D,20,S/D
2009,30/12/2009,1,S/D,S/D,S/D,S/D,1
2009,31/12/2009,1,S/D,S/D,S/D,S/D,0
2010,01/01/2010,1,S/D,S/D,S/D,S/D,0
2010,02/01/2010,1,S/D,S/D,S/D,S/D,1
2010,03/01/2010,1,S/D,S/D,S/D,S/D,1
2010,04/01/2010,1,S/D,S/D,S/D,S/D,0
2010,05/01/2010,1,S/D,S/D,S/D,S/D,1
2010,06/01/2010,1,S/D,S/D,S/D,S/D,1
2010,07/01/2010,1,S/D,S/D,S/D,S/D,0
2010,08/01/2010,1,S/D,S/D,S/D,S/D,1
2010,09/01/2010,1,S/D,S/D,S/D,S/D,1
2010,10/01/2010,1,S/D,S/D,S/D,S/D,1
2010,11/01/2010,1,S/D,S/D,S/D,S/D,0
2010,12/01/2010,1,S/D,S/D,S/D,S/D,0
2010,13/01/2010,1,S/D,S/D,S/D,S/D,0
2010,14/01/2010,1,S/D,S/D,S/D,S/D,0
2010,15/01/2010,1,S/D,S/D,S/D,S/D,0
2010,16/01/2010,1,S/D,S/D,S/D,S/D,0
2010,17/01/2010,1,S/D,S/D,S/D,S/D,0
2010,18/01/2010,1,S/D,S/D,S/D,S/D,0
2010,19/01/2010,1,37,S/D,S/D,54,39
2010,20/01/2010,1,S/D,S/D,S/D,S/D,0
2010,21/01/2010,1,S/D,S/D,S/D,S/D,1
2010,22/01/2010,1,S/D,S/D,S/D,S/D,0
2010,23/01/2010,1,S/D,S/D,S/D,S/D,0
2010,24/01/2010,1,S/D,S/D,S/D,S/D,0
2010,25/01/2010,1,S/D,S/D,S/D,S/D,0
2010,26/01/2010,1,S/D,S/D,S/D,S/D,0
2010,27/01/2010,1,14,S/D,S/D,S/D,0
2010,28/01/2010,1,53,15,14,11,S/D
2010,29/01/2010,1,41,22,11,14,S/D
2010,30/01/2010,1,44,22,12,S/D,S/D
2010,31/01/2010,1,S/D,S/D,S/D,S/D,0
2010,01/02/2010,1,S/D,S/D,S/D,S/D,0
2010,02/02/2010,1,27,S/D,S/D,S/D,1
2010,03/02/2010,1,4,10,16,S/D,S/D
2010,04/02/2010,1,85,31,36,S/D,S/D
2010,05/02/2010,1,25,21,12,S/D,S/D
2010,06/02/2010,1,68,29,25,S/D,S/D
2010,07/02/2010,1,45,36,20,S/D,S/D
2010,08/02/2010,1,64,25,22,S/D,S/D
2010,09/02/2010,1,45,31,21,S/D,S/D
2010,10/02/2010,1,29,14,18,S/D,S/D
2010,11/02/2010,1,8,14,54,S/D,S/D
2010,12/02/2010,1,31,27,17,S/D,S/D
2010,16/02/2010,13,S/D,S/D,S/D,S/D,0
2010,17/02/2010,1,S/D,S/D,S/D,S/D,0
2010,18/02/2010,1,S/D,S/D,S/D,S/D,0
2010,19/02/2010,1,S/D,S/D,S/D,S/D,1
2010,20/02/2010,1,S/D,S/D,S/D,S/D,S/D
2010,21/02/2010,1,S/D,S/D,S/D,S/D,S/D
2010,22/02/2010,1,S/D,S/D,S/D,S/D,S/D
2010,23/02/2010,1,S/D,S/D,S/D,S/D,S/D
2010,24/02/2010,1,S/D,S/D,S/D,S/D,S/D
2010,25/02/2010,1,S/D,S/D,S/D,S/D,S/D
2010,26/02/2010,1,S/D,S/D,S/D,S/D,S/D
2010,27/02/2010,1,S/D,S/D,S/D,S/D,S/D
2010,28/02/2010,1,S/D,S/D,S/D,S/D,S/D
2010,01/03/2010,1,S/D,S/D,S/D,S/D,S/D
2010,02/03/2010,1,S/D,S/D,S/D,S/D,S/D
2010,03/03/2010,1,S/D,S/D,S/D,S/D,S/D
2010,04/03/2010,1,S/D,S/D,S/D,S/D,S/D
2010,05/03/2010,1,S/D,S/D,S/D,S/D,1
2010,06/03/2010,1,S/D,S/D,S/D,S/D,S/D
2010,07/03/2010,1,S/D,S/D,S/D,S/D,S/D
2010,08/03/2010,13,S/D,S/D,S/D,S/D,S/D
2010,09/03/2010,1,S/D,S/D,S/D,17,S/D
2010,10/03/2010,1,S/D,S/D,S/D,14,S/D
2010,11/03/2010,1,S/D,S/D,S/D,38,S/D
2010,12/03/2010,1,S/D,S/D,S/D,10,S/D
2010,13/03/2010,1,S/D,S/D,S/D,50,S/D
2010,14/03/2010,1,S/D,S/D,S/D,18,S/D
2010,15/03/2010,1,S/D,S/D,S/D,S/D,0
2010,16/03/2010,1,S/D,S/D,S/D,25,S/D
2010,17/03/2010,1,S/D,S/D,S/D,16,S/D
2010,18/03/2010,1,S/D,S/D,S/D,15,S/D
2010,19/03/2010,1,S/D,S/D,S/D,25,S/D
2010,20/03/2010,1,S/D,S/D,S/D,23,S/D
2010,21/03/2010,1,S/D,S/D,S/D,14,S/D
2010,22/03/2010,1,S/D,S/D,S/D,20,S/D
2010,23/03/2010,1,30,S/D,S/D,27,S/D
2010,24/03/2010,1,32,S/D,S/D,34,S/D
2010,25/03/2010,1,16,S/D,S/D,S/D,0
2010,26/03/2010,1,23,S/D,S/D,16,S/D
2010,27/03/2010,1,27,S/D,S/D,15,S/D
2010,28/03/2010,1,23,S/D,S/D,21,S/D
2010,29/03/2010,1,32,S/D,S/D,18,S/D
2010,30/03/2010,1,26,S/D,S/D,26,S/D
2010,31/03/2010,1,16,S/D,S/D,24,S/D
2010,01/04/2010,1,S/D,S/D,S/D,22,S/D
2010,02/04/2010,1,S/D,S/D,S/D,27,S/D
2010,03/04/2010,1,S/D,S/D,S/D,35,S/D
2010,04/04/2010,1,S/D,S/D,S/D,S/D,0
2010,05/04/2010,1,S/D,S/D,S/D,S/D,0
2010,06/04/2010,1,34,S/D,S/D,28,S/D
2010,07/04/2010,1,21,S/D,S/D,15,S/D
2010,08/04/2010,1,20,S/D,S/D,S/D,1
2010,09/04/2010,1,21,S/D,S/D,22,S/D
2010,10/04/2010,1,29,S/D,S/D,21,S/D
2010,11/04/2010,1,21,S/D,S/D,18,S/D
2010,12/04/2010,1,35,S/D,S/D,36,S/D
2010,13/04/2010,1,31,S/D,S/D,26,S/D
2010,14/04/2010,1,22,S/D,S/D,18,S/D
2010,15/04/2010,1,23,S/D,S/D,24,S/D
2010,16/04/2010,1,27,S/D,S/D,24,S/D
2010,17/04/2010,1,39,S/D,S/D,34,S/D
2010,18/04/2010,1,42,S/D,S/D,24,S/D
2010,19/04/2010,1,24,S/D,S/D,21,S/D
2010,20/04/2010,1,44,S/D,S/D,33,S/D
2010,21/04/2010,1,29,S/D,S/D,27,S/D
2010,22/04/2010,1,52,S/D,S/D,56,S/D
2010,23/04/2010,1,16,S/D,S/D,S/D,1
2010,24/04/2010,1,30,S/D,S/D,21,S/D
2010,25/04/2010,1,30,S/D,S/D,20,S/D
2010,26/04/2010,1,29,S/D,S/D,22,S/D
2010,27/04/2010,1,51,S/D,S/D,44,S/D
2010,28/04/2010,1,41,S/D,S/D,39,S/D
2010,29/04/2010,1,37,S/D,S/D,40,S/D
2010,30/04/2010,1,38,S/D,S/D,38,S/D
2010,01/05/2010,1,32,S/D,S/D,33,S/D
2010,02/05/2010,1,40,S/D,S/D,44,S/D
2010,03/05/2010,1,33,S/D,S/D,36,S/D
2010,04/05/2010,1,17,S/D,S/D,15,S/D
2010,05/05/2010,1,21,S/D,S/D,20,S/D
2010,06/05/2010,1,24,S/D,S/D,32,S/D
2010,07/05/2010,1,26,S/D,S/D,22,S/D
2010,08/05/2010,1,45,S/D,S/D,50,S/D
2010,09/05/2010,1,76,S/D,S/D,81,S/D
2010,10/05/2010,1,S/D,S/D,S/D,65,S/D
2010,11/05/2010,1,37,S/D,S/D,37,S/D
2010,12/05/2010,1,25,S/D,S/D,14,S/D
2010,13/05/2010,1,29,S/D,S/D,25,S/D
2010,14/05/2010,1,19,S/D,S/D,S/D,1
2010,17/05/2010,13,40,S/D,S/D,31,S/D
2010,18/05/2010,1,34,S/D,S/D,31,S/D
2010,19/05/2010,1,29,S/D,S/D,25,S/D
2010,20/05/2010,1,S/D,S/D,S/D,23,S/D
2010,21/05/2010,1,S/D,S/D,S/D,20,S/D
2010,22/05/2010,1,22,S/D,S/D,20,S/D
2010,23/05/2010,1,26,S/D,S/D,18,S/D
2010,24/05/2010,1,31,S/D,S/D,22,S/D
2010,25/05/2010,1,11,S/D,S/D,11,S/D
2010,26/05/2010,1,40,S/D,S/D,36,S/D
2010,27/05/2010,1,16,S/D,S/D,S/D,0
2010,28/05/2010,1,15,S/D,S/D,15,S/D
2010,29/05/2010,1,21,S/D,S/D,21,S/D
2010,30/05/2010,1,21,S/D,S/D,20,S/D
2010,31/05/2010,1,13,S/D,S/D,13,S/D
2010,01/06/2010,1,30,S/D,S/D,23,S/D
2010,02/06/2010,1,19,S/D,S/D,13,S/D
2010,03/06/2010,1,28,S/D,S/D,24,S/D
2010,04/06/2010,1,42,S/D,S/D,32,S/D
2010,05/06/2010,1,25,S/D,S/D,27,S/D
2010,06/06/2010,1,30,S/D,S/D,31,S/D
2010,07/06/2010,1,32,S/D,S/D,29,S/D
2010,08/06/2010,1,37,S/D,S/D,33,S/D
2010,09/06/2010,1,33,S/D,S/D,30,S/D
2010,10/06/2010,13,30,S/D,S/D,29,S/D
2010,11/06/2010,1,21,S/D,S/D,11,S/D
2010,12/06/2010,1,30,S/D,S/D,11,S/D
2010,13/06/2010,1,16,S/D,S/D,18,S/D
2010,14/06/2010,1,17,S/D,S/D,11,S/D
2010,15/06/2010,1,18,S/D,S/D,S/D,1
2010,16/06/2010,1,42,S/D,S/D,S/D,2
2010,17/06/2010,1,25,S/D,37,6,24
2010,18/06/2010,1,20,S/D,38,12,23
2010,19/06/2010,1,27,S/D,33,38,25
2010,20/06/2010,1,20,S/D,30,27,23
2010,21/06/2010,1,18,S/D,31,27,14
2010,22/06/2010,1,26,S/D,24,21,27
2010,23/06/2010,1,18,S/D,23,41,24
2010,24/06/2010,1,20,S/D,27,24,21
2010,25/06/2010,1,33,S/D,29,16,28
2010,26/06/2010,1,35,S/D,51,21,30
2010,27/06/2010,1,25,S/D,42,8,15
2010,28/06/2010,1,30,S/D,39,49,27
2010,29/06/2010,1,30,S/D,32,47,29
2010,30/06/2010,1,25,S/D,29,42,23
2010,01/07/2010,13,22,S/D,29,62,26
2010,02/07/2010,1,28,S/D,36,78,19
2010,03/07/2010,1,27,S/D,35,69,27
2010,04/07/2010,1,24,S/D,37,S/D,S/D
2010,05/07/2010,1,S/D,S/D,33,S/D,S/D
2010,06/07/2010,1,20,S/D,32,16,S/D
2010,07/07/2010,1,26,S/D,39,15,23
2010,08/07/2010,1,31,S/D,39,54,33
2010,09/07/2010,1,29,S/D,32,74,27
2010,10/07/2010,1,37,S/D,48,S/D,S/D
2010,11/07/2010,1,15,S/D,20,S/D,S/D
2010,12/07/2010,1,12,S/D,17,S/D,S/D
2010,13/07/2010,1,24,S/D,30,2,23
2010,14/07/2010,1,21,S/D,S/D,23,21
2010,15/07/2010,1,26,S/D,S/D,31,23
2010,16/07/2010,1,36,S/D,S/D,18,32
2010,17/07/2010,1,47,S/D,S/D,73,45
2010,18/07/2010,1,42,S/D,S/D,33,35
2010,19/07/2010,1,19,S/D,S/D,7,36
2010,20/07/2010,13,S/D,S/D,S/D,35,S/D
2010,21/07/2010,1,S/D,S/D,S/D,39,42
2010,22/07/2010,1,S/D,S/D,S/D,83,35
2010,23/07/2010,1,30,S/D,S/D,66,32
2010,24/07/2010,1,25,S/D,S/D,35,19
2010,25/07/2010,1,31,S/D,S/D,13,29
2010,26/07/2010,1,29,S/D,S/D,18,31
2010,27/07/2010,1,41,S/D,S/D,57,42
2010,28/07/2010,1,29,S/D,S/D,26,32
2010,29/07/2010,13,S/D,S/D,S/D,27,32
2010,30/07/2010,1,27,S/D,S/D,25,27
2010,31/07/2010,13,20,S/D,S/D,5,13
2010,01/08/2010,1,25,S/D,S/D,21,27
2010,02/08/2010,1,33,S/D,S/D,16,27
2010,03/08/2010,1,34,S/D,S/D,34,32
2010,04/08/2010,1,29,S/D,S/D,8,25
2010,05/08/2010,13,35,S/D,S/D,16,30
2010,06/08/2010,1,32,S/D,S/D,22,14
2010,07/08/2010,1,S/D,S/D,S/D,21,30
2010,08/08/2010,1,S/D,S/D,S/D,29,36
2010,09/08/2010,1,S/D,S/D,S/D,12,51
2010,10/08/2010,1,48,S/D,S/D,S/D,S/D
2010,11/08/2010,1,39,S/D,S/D,36,29
2010,12/08/2010,1,30,S/D,S/D,54,30
2010,13/08/2010,1,9,S/D,S/D,5,9
2010,14/08/2010,1,S/D,S/D,S/D,13,13
2010,15/08/2010,1,35,S/D,S/D,11,28
2010,16/08/2010,1,13,S/D,S/D,9,11
2010,17/08/2010,1,34,S/D,S/D,96,31
2010,18/08/2010,1,19,S/D,S/D,5,21
2010,19/08/2010,1,37,S/D,S/D,54,39
2010,20/08/2010,1,41,S/D,S/D,98,41
2010,21/08/2010,1,38,S/D,S/D,75,38
2010,22/08/2010,1,42,S/D,S/D,78,35
2010,23/08/2010,1,42,S/D,S/D,69,39
2010,24/08/2010,1,33,S/D,S/D,9,29
2010,25/08/2010,1,37,S/D,S/D,33,S/D
2010,26/08/2010,1,36,S/D,S/D,17,34
2010,27/08/2010,1,30,S/D,S/D,26,16
2010,28/08/2010,1,34,S/D,S/D,37,24
2010,29/08/2010,1,43,S/D,S/D,94,45
2010,30/08/2010,1,15,S/D,S/D,5,33
2010,31/08/2010,1,25,S/D,S/D,1,12
2010,01/09/2010,1,11,S/D,S/D,14,8
2010,02/09/2010,1,15,S/D,S/D,5,11
2010,03/09/2010,1,28,S/D,S/D,6,13
2010,04/09/2010,1,16,S/D,S/D,S/D,S/D
2010,05/09/2010,1,S/D,S/D,S/D,S/D,S/D
2010,06/09/2010,1,S/D,S/D,S/D,S/D,S/D
2010,07/09/2010,1,S/D,S/D,S/D,44,37
2010,08/09/2010,1,25,S/D,S/D,25,29
2010,09/09/2010,1,30,S/D,S/D,21,15
2010,10/09/2010,1,28,S/D,S/D,22,31
2010,11/09/2010,1,25,S/D,S/D,27,22
2010,12/09/2010,1,28,S/D,S/D,9,26
2010,13/09/2010,1,S/D,S/D,S/D,5,25
2010,14/09/2010,1,11,S/D,S/D,6,11
2010,15/09/2010,1,30,S/D,S/D,81,35
2010,16/09/2010,1,44,S/D,S/D,18,44
2010,17/09/2010,1,30,S/D,S/D,13,36
2010,18/09/2010,1,20,S/D,S/D,S/D,S/D
2010,19/09/2010,1,17,S/D,S/D,S/D,0
2010,20/09/2010,1,20,S/D,S/D,20,S/D
2010,21/09/2010,1,20,S/D,S/D,6,14
2010,22/09/2010,1,26,S/D,S/D,17,15
2010,23/09/2010,1,35,S/D,S/D,24,31
2010,24/09/2010,1,15,S/D,S/D,8,15
2010,25/09/2010,1,22,S/D,S/D,16,20
2010,26/09/2010,1,17,S/D,S/D,12,19
2010,27/09/2010,1,26,S/D,S/D,1,14
2010,28/09/2010,1,8,S/D,S/D,1,9
2010,29/09/2010,1,17,S/D,S/D,44,22
2010,30/09/2010,1,14,S/D,S/D,11,15
2010,01/10/2010,1,25,S/D,S/D,14,22
2010,02/10/2010,1,29,S/D,S/D,16,28
2010,03/10/2010,1,33,S/D,S/D,53,33
2010,04/10/2010,1,31,S/D,S/D,38,33
2010,05/10/2010,1,34,S/D,S/D,45,23
2010,06/10/2010,1,S/D,S/D,S/D,13,28
2010,07/10/2010,1,22,S/D,S/D,28,23
2010,08/10/2010,1,20,S/D,S/D,5,15
2010,09/10/2010,1,29,S/D,S/D,9,28
2010,10/10/2010,1,17,S/D,S/D,8,22
2010,11/10/2010,1,15,S/D,S/D,7,14
2010,12/10/2010,1,12,S/D,S/D,7,12
2010,13/10/2010,1,25,S/D,S/D,12,13
2010,14/10/2010,1,27,S/D,S/D,36,30
2010,15/10/2010,1,11,S/D,S/D,6,11
2010,16/10/2010,1,20,S/D,S/D,1,19
2010,17/10/2010,1,25,S/D,S/D,1,23
2010,18/10/2010,1,S/D,S/D,S/D,9,26
2010,19/10/2010,1,21,S/D,S/D,21,21
2010,20/10/2010,1,37,S/D,S/D,21,26
2010,21/10/2010,1,22,S/D,S/D,17,24
2010,22/10/2010,1,13,S/D,S/D,20,S/D
2010,23/10/2010,1,24,S/D,S/D,6,25
2010,24/10/2010,1,24,S/D,S/D,6,25
2010,25/10/2010,1,21,S/D,S/D,9,28
2010,26/10/2010,1,S/D,S/D,S/D,0,S/D
2010,27/10/2010,1,S/D,S/D,S/D,15,18
2010,28/10/2010,1,S/D,S/D,S/D,5,19
2010,29/10/2010,1,10,S/D,S/D,6,13
2010,30/10/2010,1,37,S/D,S/D,23,13
2010,31/10/2010,1,S/D,S/D,S/D,8,23
2010,01/11/2010,1,S/D,S/D,S/D,5,27
2010,02/11/2010,1,18,S/D,S/D,17,23
2010,03/11/2010,1,19,S/D,S/D,16,16
2010,04/11/2010,1,25,S/D,S/D,89,25
2010,05/11/2010,1,29,S/D,S/D,27,26
2010,06/11/2010,1,30,S/D,S/D,9,27
2010,07/11/2010,1,39,S/D,S/D,1,34
2010,08/11/2010,1,S/D,S/D,S/D,22,36
2010,09/11/2010,1,11,S/D,S/D,5,12
2010,10/11/2010,1,31,S/D,S/D,17,28
2010,11/11/2010,1,22,S/D,S/D,1,19
2010,12/11/2010,1,15,S/D,S/D,1,17
2010,13/11/2010,1,26,S/D,S/D,13,17
2010,14/11/2010,1,18,S/D,S/D,6,16
2010,15/11/2010,1,S/D,S/D,S/D,5,15
2010,16/11/2010,1,20,S/D,S/D,5,15
2010,17/11/2010,1,16,S/D,S/D,9,17
2010,18/11/2010,1,19,S/D,S/D,8,18
2010,19/11/2010,1,41,S/D,S/D,45,50
2010,20/11/2010,1,48,S/D,S/D,32,34
2010,21/11/2010,1,23,S/D,S/D,1,17
2010,22/11/2010,1,32,S/D,S/D,8,24
2010,23/11/2010,1,18,S/D,S/D,5,15
2010,24/11/2010,1,16,S/D,S/D,11,18
2010,25/11/2010,1,S/D,S/D,S/D,14,20
2010,26/11/2010,1,17,S/D,S/D,11,23
2010,27/11/2010,1,22,S/D,S/D,53,21
2010,28/11/2010,1,12,S/D,S/D,5,16
2010,29/11/2010,1,27,S/D,S/D,5,26
2010,30/11/2010,1,18,S/D,S/D,29,20
2010,01/12/2010,1,36,S/D,S/D,25,25
2010,02/12/2010,1,19,S/D,S/D,24,S/D
2010,03/12/2010,1,12,S/D,S/D,28,22
2010,04/12/2010,1,15,S/D,S/D,19,15
2010,05/12/2010,1,38,S/D,S/D,44,33
2010,06/12/2010,1,S/D,S/D,S/D,5,12
2010,07/12/2010,1,17,S/D,S/D,17,S/D
2010,08/12/2010,1,29,S/D,S/D,27,24
2010,09/12/2010,1,25,S/D,S/D,13,28
2010,10/12/2010,1,22,S/D,S/D,27,27
2010,11/12/2010,1,30,S/D,S/D,46,30
2010,12/12/2010,1,9,S/D,S/D,14,7
2010,13/12/2010,1,25,S/D,S/D,26,25
2010,14/12/2010,1,29,S/D,S/D,48,29
2010,15/12/2010,1,28,S/D,S/D,74,41
2010,16/12/2010,1,31,S/D,S/D,25,30
2010,17/12/2010,1,S/D,S/D,S/D,14,16
2010,18/12/2010,1,30,S/D,S/D,41,S/D
2010,19/12/2010,1,11,S/D,S/D,S/D,S/D
2010,20/12/2010,1,26,S/D,S/D,S/D,S/D
2010,21/12/2010,1,41,S/D,S/D,39,S/D
2010,22/12/2010,1,48,S/D,S/D,8,44
2010,23/12/2010,1,22,S/D,S/D,28,31
2010,24/12/2010,1,17,S/D,S/D,17,11
2010,25/12/2010,1,22,S/D,S/D,59,22
2010,26/12/2010,1,17,S/D,S/D,15,16
2010,27/12/2010,1,S/D,S/D,S/D,9,23
2010,28/12/2010,1,32,S/D,S/D,14,25
2010,29/12/2010,1,S/D,S/D,S/D,17,S/D
2010,30/12/2010,1,26,S/D,S/D,9,12
2010,31/12/2010,1,S/D,S/D,S/D,9,11
2011,01/01/2011,1,S/D,39,S/D,8,8
2011,02/01/2011,1,S/D,18,S/D,6,9
2011,03/01/2011,1,S/D,18,S/D,8,8
2011,04/01/2011,1,S/D,30,S/D,7,12
2011,05/01/2011,1,15,33,S/D,9,12
2011,06/01/2011,1,S/D,S/D,S/D,43,20
2011,07/01/2011,1,20,S/D,S/D,22,S/D
2011,08/01/2011,1,26,30,S/D,29,S/D
2011,09/01/2011,1,40,36,S/D,38,S/D
2011,10/01/2011,1,10,26,S/D,12,S/D
2011,11/01/2011,1,9,S/D,1,21,1
2011,12/01/2011,1,25,27,26,18,31
2011,13/01/2011,1,14,36,S/D,15,S/D
2011,14/01/2011,1,21,34,25,S/D,S/D
2011,15/01/2011,1,11,41,18,S/D,S/D
2011,16/01/2011,1,12,51,26,S/D,S/D
2011,17/01/2011,1,25,27,27,S/D,S/D
2011,18/01/2011,1,S/D,25,21,S/D,S/D
2011,19/01/2011,1,S/D,31,18,13,13
2011,20/01/2011,1,S/D,44,27,8,24
2011,21/01/2011,1,S/D,27,17,7,13
2011,22/01/2011,1,S/D,7,22,S/D,S/D
2011,23/01/2011,1,S/D,27,22,S/D,S/D
2011,24/01/2011,1,S/D,37,19,S/D,S/D
2011,25/01/2011,1,S/D,S/D,23,8,S/D
2011,26/01/2011,1,S/D,S/D,25,S/D,S/D
2011,27/01/2011,1,S/D,S/D,19,15,S/D
2011,28/01/2011,1,S/D,S/D,22,38,S/D
2011,29/01/2011,1,S/D,S/D,18,5,S/D
2011,30/01/2011,1,S/D,S/D,20,9,S/D
2011,31/01/2011,1,S/D,S/D,20,9,S/D
2011,01/02/2011,1,S/D,S/D,14,7,S/D
2011,02/02/2011,1,S/D,S/D,17,5,18
2011,03/02/2011,1,S/D,S/D,20,S/D,S/D
2011,04/02/2011,1,S/D,S/D,20,18,10
2011,05/02/2011,1,S/D,S/D,20,15,24
2011,06/02/2011,1,S/D,S/D,15,5,14
2011,07/02/2011,1,S/D,S/D,16,5,24
2011,08/02/2011,1,S/D,S/D,20,5,17
2011,09/02/2011,1,S/D,S/D,15,5,7
2011,10/02/2011,1,S/D,S/D,17,5,16
2011,11/02/2011,1,S/D,S/D,16,6,16
2011,12/02/2011,1,S/D,S/D,16,7,18
2011,13/02/2011,1,S/D,S/D,17,8,18
2011,14/02/2011,1,S/D,S/D,19,5,17
2011,15/02/2011,1,S/D,S/D,20,43,34
2011,16/02/2011,1,S/D,14,20,2,15
2011,17/02/2011,1,S/D,S/D,18,13,23
2011,18/02/2011,1,S/D,S/D,35,18,31
2011,19/02/2011,1,S/D,S/D,18,22,21
2011,20/02/2011,1,S/D,S/D,16,15,16
2011,21/02/2011,1,S/D,S/D,11,5,87
2011,22/02/2011,1,S/D,S/D,13,6,33
2011,23/02/2011,1,16,S/D,13,5,10
2011,24/02/2011,1,12,S/D,13,6,15
2011,25/02/2011,1,4,S/D,15,7,6
2011,26/02/2011,1,28,S/D,19,1,26
2011,27/02/2011,1,43,S/D,30,78,61
2011,28/02/2011,1,27,S/D,22,9,20
2011,01/03/2011,1,10,S/D,16,5,25
2011,02/03/2011,1,9,S/D,13,8,8
2011,03/03/2011,1,12,S/D,14,7,11
2011,04/03/2011,1,S/D,S/D,17,9,18
2011,05/03/2011,1,15,S/D,15,7,19
2011,06/03/2011,1,20,S/D,14,6,12
2011,07/03/2011,1,S/D,S/D,14,5,10
2011,08/03/2011,1,34,S/D,17,16,30
2011,09/03/2011,1,18,S/D,18,11,25
2011,10/03/2011,1,18,S/D,19,13,18
2011,11/03/2011,1,8,S/D,22,13,18
2011,12/03/2011,1,9,S/D,26,38,14
2011,13/03/2011,1,S/D,S/D,14,22,12
2011,14/03/2011,1,S/D,S/D,19,5,21
2011,15/03/2011,1,12,S/D,18,19,14
2011,16/03/2011,1,10,S/D,25,12,20
2011,17/03/2011,1,15,S/D,33,53,22
2011,18/03/2011,1,18,S/D,23,41,25
2011,19/03/2011,1,25,S/D,25,1,27
2011,20/03/2011,1,31,S/D,27,56,35
2011,21/03/2011,1,42,S/D,29,42,37
2011,22/03/2011,1,44,S/D,31,26,41
2011,23/03/2011,1,14,S/D,23,55,14
2011,24/03/2011,1,17,S/D,22,9,12
2011,25/03/2011,1,15,S/D,23,7,13
2011,26/03/2011,1,12,S/D,20,6,8
2011,27/03/2011,1,22,S/D,22,17,23
2011,28/03/2011,1,S/D,S/D,26,9,35
2011,29/03/2011,1,28,S/D,37,22,33
2011,30/03/2011,1,30,S/D,39,1,42
2011,31/03/2011,1,35,S/D,43,24,49
2011,01/04/2011,1,34,S/D,42,76,43
2011,02/04/2011,1,15,S/D,42,16,25
2011,03/04/2011,1,21,S/D,40,11,25
2011,04/04/2011,1,4,S/D,32,76,8
2011,05/04/2011,1,20,S/D,35,86,36
2011,06/04/2011,1,19,S/D,39,23,25
2011,07/04/2011,1,S/D,S/D,40,22,22
2011,08/04/2011,1,S/D,S/D,50,6,48
2011,09/04/2011,1,S/D,33,41,6,37
2011,10/04/2011,1,S/D,41,42,7,20
2011,11/04/2011,1,S/D,41,42,12,44
2011,12/04/2011,1,33,29,41,32,29
2011,13/04/2011,1,39,35,46,86,41
2011,14/04/2011,1,14,S/D,37,78,17
2011,15/04/2011,1,29,46,41,21,26
2011,16/04/2011,1,36,24,43,1,41
2011,17/04/2011,1,20,26,33,5,15
2011,18/04/2011,1,21,16,29,21,30
2011,19/04/2011,1,29,25,35,S/D,S/D
2011,20/04/2011,1,15,26,29,53,24
2011,21/04/2011,1,27,19,38,14,35
2011,22/04/2011,1,S/D,S/D,25,28,27
2011,23/04/2011,1,S/D,S/D,20,15,13
2011,24/04/2011,1,S/D,S/D,35,58,36
2011,25/04/2011,1,S/D,S/D,33,31,31
2011,26/04/2011,1,34,S/D,39,33,40
2011,27/04/2011,1,20,34,27,28,38
2011,28/04/2011,1,23,34,34,1,26
2011,29/04/2011,1,35,32,43,22,28
2011,30/04/2011,1,25,35,34,18,23
2011,01/05/2011,1,18,21,25,4,20
2011,02/05/2011,1,14,22,24,5,16
2011,03/05/2011,1,53,43,56,2,91
2011,04/05/2011,1,23,36,29,49,28
2011,05/05/2011,1,11,29,26,43,27
2011,06/05/2011,1,30,71,44,84,36
2011,07/05/2011,1,38,88,40,45,42
2011,08/05/2011,1,34,74,46,79,44
2011,09/05/2011,1,6,35,27,12,28
2011,10/05/2011,1,S/D,25,31,48,24
2011,11/05/2011,1,42,42,45,76,33
2011,12/05/2011,1,42,68,51,9,39
2011,13/05/2011,1,25,56,40,13,30
2011,14/05/2011,1,26,39,37,15,22
2011,15/05/2011,1,33,24,37,6,25
2011,16/05/2011,1,17,26,36,7,18
2011,17/05/2011,1,31,17,35,16,19
2011,18/05/2011,1,23,34,S/D,18,20
2011,19/05/2011,1,23,20,36,2,23
2011,20/05/2011,1,21,19,27,53,24
2011,21/05/2011,1,41,40,40,3,27
2011,22/05/2011,1,32,29,32,39,27
2011,23/05/2011,1,21,27,29,11,17
2011,24/05/2011,1,39,29,33,89,32
2011,25/05/2011,1,24,30,31,2,23
2011,26/05/2011,1,27,17,29,S/D,12
2011,27/05/2011,1,25,32,37,26,25
2011,28/05/2011,1,23,36,34,19,14
2011,29/05/2011,1,24,20,32,25,24
2011,30/05/2011,1,27,21,30,7,31
2011,31/05/2011,1,S/D,S/D,39,22,25
2011,01/06/2011,1,42,S/D,48,96,57
2011,02/06/2011,1,32,85,32,91,38
2011,03/06/2011,1,27,39,39,84,35
2011,04/06/2011,1,S/D,S/D,41,17,24
2011,05/06/2011,1,S/D,S/D,31,33,25
2011,06/06/2011,1,S/D,S/D,30,2,18
2011,07/06/2011,1,16,S/D,S/D,22,29
2011,08/06/2011,1,26,50,32,23,28
2011,09/06/2011,1,34,47,38,32,34
2011,10/06/2011,1,S/D,60,37,5,30
2011,11/06/2011,1,21,50,29,68,19
2011,12/06/2011,1,28,27,32,63,30
2011,13/06/2011,1,15,52,20,16,20
2011,14/06/2011,1,17,270,31,83,21
2011,15/06/2011,1,16,120,32,2,18
2011,16/06/2011,1,33,65,42,57,30
2011,17/06/2011,1,11,47,27,1,12
2011,18/06/2011,1,16,27,38,1,18
2011,19/06/2011,1,20,27,24,16,20
2011,20/06/2011,1,11,36,30,9,19
2011,21/06/2011,1,21,23,26,24,18
2011,22/06/2011,1,13,99,36,12,19
2011,23/06/2011,1,21,55,32,8,15
2011,24/06/2011,1,36,31,88,1,21
2011,25/06/2011,1,1,18,95,0,41
2011,26/06/2011,1,83,22,96,0,11
2011,27/06/2011,1,87,26,57,0,14
2011,28/06/2011,1,1,22,14,0,75
2011,29/06/2011,1,28,24,68,0,66
2011,30/06/2011,1,65,23,23,0,24
2011,01/07/2011,1,75,31,65,0,9
2011,02/07/2011,1,31,39,59,0,39
2011,03/07/2011,1,96,22,97,0,41
2011,04/07/2011,1,79,30,72,0,22
2011,05/07/2011,1,96,28,21,0,85
2011,06/07/2011,1,19,33,86,0,56
2011,07/07/2011,1,13,39,86,1,6
2011,08/07/2011,1,8,36,37,2,18
2011,09/07/2011,1,76,29,94,1,37
2011,10/07/2011,1,99,26,59,1,8
2011,11/07/2011,1,26,33,83,0,56
2011,12/07/2011,1,96,23,52,0,32
2011,13/07/2011,1,39,36,2,0,57
2011,14/07/2011,1,75,S/D,4,0,8
2011,15/07/2011,1,18,S/D,45,12,20
2011,16/07/2011,1,7,25,68,<0,5
2011,17/07/2011,1,67,34,52,<0,5
2011,18/07/2011,1,4,S/D,12,<0,5
2011,19/07/2011,1,64,23,51,0,5
2011,20/07/2011,1,69,15,61,0,11
2011,21/07/2011,1,95,32,63,S/D,34
2011,22/07/2011,1,3,33,5,0,42
2011,23/07/2011,1,99,28,29,0,21
2011,24/07/2011,1,29,24,76,0,13
2011,25/07/2011,1,81,14,52,0,1
2011,26/07/2011,1,7,10,53,0,9
2011,27/07/2011,1,66,39,44,0,81
2011,28/07/2011,1,74,22,39,28,39
2011,29/07/2011,1,1,32,28,S/D,S/D
2011,30/07/2011,1,59,12,S/D,5,19
2011,31/07/2011,1,73,22,S/D,13,34
2011,01/08/2011,1,88,34,S/D,19,51
2011,02/08/2011,1,85,S/D,75,0,8
2011,03/08/2011,1,96,20,18,0,55
2011,04/08/2011,1,75,17,69,0,6
2011,05/08/2011,1,87,S/D,23,0,36
2011,06/08/2011,1,61,43,41,1,76
2011,07/08/2011,1,76,29,63,0,27
2011,08/08/2011,1,5,26,19,0,8
2011,09/08/2011,1,53,14,45,0,6
2011,10/08/2011,1,7,32,39,0,16
2011,11/08/2011,1,5,25,65,0,54
2011,12/08/2011,1,4,41,9,0,61
2011,13/08/2011,1,65,30,S/D,6,35
2011,14/08/2011,1,85,32,S/D,22,36
2011,15/08/2011,1,45,24,S/D,6,9
2011,16/08/2011,1,84,23,1,0,3
2011,17/08/2011,1,73,14,64,0,13
2011,18/08/2011,1,86,15,57,0,21
2011,19/08/2011,1,71,10,5,0,1
2011,20/08/2011,1,71,16,7,0,5
2011,21/08/2011,1,76,27,7,0,6
2011,22/08/2011,1,S/D,S/D,33,5,19
2011,23/08/2011,1,S/D,S/D,25,13,22
2011,24/08/2011,1,64,12,3,0,24
2011,25/08/2011,1,38,34,34,1,14
2011,26/08/2011,1,56,17,99,0,1
2011,27/08/2011,1,69,24,45,0,16
2011,28/08/2011,1,S/D,S/D,31,2,16
2011,29/08/2011,1,S/D,S/D,65,29,37
2011,30/08/2011,1,95,30,53,0,3
2011,31/08/2011,1,51,22,46,<0,5
2011,01/09/2011,1,S/D,S/D,60,13,S/D
2011,02/09/2011,1,S/D,27,38,15,12
2011,03/09/2011,1,S/D,23,27,16,15
2011,04/09/2011,1,S/D,32,78,27,28
2011,05/09/2011,1,S/D,37,27,23,35
2011,06/09/2011,1,S/D,44,39,2,57
2011,07/09/2011,1,S/D,51,S/D,44,53
2011,08/09/2011,1,S/D,37,S/D,40,39
2011,09/09/2011,1,S/D,51,44,56,52
2011,10/09/2011,1,18,23,31,0,74
2011,11/09/2011,1,73,20,51,<0,5
2011,12/09/2011,1,96,17,17,0,29
2011,13/09/2011,1,69,15,2,0,6
2011,14/09/2011,1,55,13,35,0,8
2011,15/09/2011,1,75,25,49,0,12
2011,16/09/2011,1,1,18,48,0,27
2011,17/09/2011,1,4,29,17,1,67
2011,18/09/2011,1,7,11,57,<0,5
2011,19/09/2011,1,66,24,45,<0,5
2011,20/09/2011,1,86,33,8,0,44
2011,21/09/2011,1,94,48,13,0,66
2011,22/09/2011,1,21,28,41,1,1
2011,23/09/2011,1,42,14,33,<0,5
2011,24/09/2011,1,61,30,45,0,13
2011,25/09/2011,1,63,16,5,0,18
2011,26/09/2011,1,73,23,27,0,23
2011,27/09/2011,1,49,20,25,0,1
2011,28/09/2011,1,56,10,25,0,1
2011,29/09/2011,1,4,27,31,0,78
2011,30/09/2011,1,38,31,54,0,85
2011,01/10/2011,1,67,S/D,45,0,1
2011,02/10/2011,1,S/D,29,S/D,14,26
2011,03/10/2011,1,S/D,56,S/D,5,8
2011,04/10/2011,1,54,16,26,0,8
2011,05/10/2011,1,71,25,82,0,1
2011,06/10/2011,1,65,22,24,0,24
2011,07/10/2011,1,81,24,36,0,18
2011,08/10/2011,1,88,23,62,0,9
2011,09/10/2011,1,81,18,57,0,11
2011,10/10/2011,1,61,14,23,0,1
2011,11/10/2011,1,98,26,51,0,19
2011,12/10/2011,1,5,8,22,<0,5
2011,13/10/2011,1,89,30,41,0,18
2011,14/10/2011,1,83,17,46,0,11
2011,15/10/2011,1,89,27,2,0,46
2011,16/10/2011,1,89,30,42,0,51
2011,17/10/2011,1,15,212,S/D,5,15
2011,18/10/2011,1,48,10,23,<0,5
2011,19/10/2011,1,91,23,33,0,23
2011,20/10/2011,1,73,24,59,0,15
2011,21/10/2011,1,64,19,24,0,26
2011,22/10/2011,1,1,27,54,0,29
2011,23/10/2011,1,56,20,31,0,6
2011,24/10/2011,1,63,21,26,0,9
2011,25/10/2011,1,56,21,41,0,12
2011,26/10/2011,1,57,S/D,26,<0,5
2011,27/10/2011,1,46,16,34,<0,5
2011,28/10/2011,1,84,25,44,0,25
2011,29/10/2011,1,68,26,36,0,3
2011,30/10/2011,1,54,20,44,<0,5
2011,31/10/2011,1,39,18,14,S/D,S/D
2011,01/11/2011,1,45,20,24,0,6
2011,02/11/2011,1,56,21,1,0,12
2011,03/11/2011,1,7,20,45,0,22
2011,04/11/2011,1,7,21,21,0,19
2011,05/11/2011,1,13,23,46,0,34
2011,06/11/2011,1,8,22,27,0,5
2011,07/11/2011,1,74,22,14,0,6
2011,08/11/2011,1,88,20,34,0,8
2011,09/11/2011,1,98,22,3,0,21
2011,10/11/2011,1,48,18,28,<0,5
2011,11/11/2011,1,59,21,38,0,8
2011,12/11/2011,1,56,24,32,0,12
2011,13/11/2011,1,5,28,3,0,11
2011,14/11/2011,1,4,22,2,<0,5
2011,15/11/2011,1,48,27,35,<0,5
2011,16/11/2011,1,S/D,S/D,S/D,22,44
2011,17/11/2011,1,S/D,S/D,S/D,22,44
2011,18/11/2011,1,S/D,S/D,S/D,1,12
2011,19/11/2011,1,5,25,46,0,14
2011,20/11/2011,1,44,17,43,0,8
2011,21/11/2011,1,51,S/D,23,0,34
2011,22/11/2011,1,43,16,44,0,6
2011,23/11/2011,1,S/D,161,S/D,S/D,152
2011,24/11/2011,1,5,23,22,0,49
2011,25/11/2011,1,83,18,22,0,54
2011,26/11/2011,1,95,19,54,0,42
2011,27/11/2011,1,61,16,19,0,1
2011,28/11/2011,1,91,28,7,0,17
2011,29/11/2011,1,66,17,42,0,7
2011,30/11/2011,1,14,8,97,0,46
2011,01/12/2011,1,5,11,78,<0,5
2011,02/12/2011,1,53,32,8,0,18
2011,03/12/2011,1,S/D,S/D,S/D,7,22
2011,04/12/2011,1,S/D,S/D,S/D,7,16
2011,05/12/2011,1,S/D,S/D,S/D,5,14
2011,06/12/2011,1,69,18,93,0,8
2011,07/12/2011,1,58,20,59,0,8
2011,08/12/2011,1,75,25,51,0,15
2011,09/12/2011,1,49,9,14,<0,5
2011,10/12/2011,1,53,14,13,<0,5
2011,11/12/2011,1,59,16,14,0,1
2011,12/12/2011,1,58,10,34,0,15
2011,13/12/2011,1,45,11,74,<0,5
2011,14/12/2011,1,48,10,4,0,7
2011,15/12/2011,1,48,10,74,0,6
2011,16/12/2011,1,58,13,29,<0,5
2011,17/12/2011,1,59,12,74,<0,5
2011,18/12/2011,1,51,13,53,0,5
2011,19/12/2011,1,49,11,24,0,1
2011,20/12/2011,1,54,14,24,0,14
2011,21/12/2011,1,85,19,54,0,32
2011,22/12/2011,1,95,20,81,0,38
2011,23/12/2011,1,84,8,2,0,18
2011,24/12/2011,1,59,18,88,<0,5
2011,25/12/2011,1,39,9,5,<0,5
2011,26/12/2011,1,35,12,1,<0,5
2011,27/12/2011,1,45,18,21,0,5
2011,28/12/2011,1,44,15,36,0,7
2011,29/12/2011,1,49,15,S/D,9,19
2011,30/12/2011,1,51,16,38,0,1
2011,31/12/2011,1,45,14,24,0,6
2012,01/01/2012,1,S/D,S/D,S/D,5,4
2012,02/01/2012,1,S/D,S/D,S/D,5,17
2012,03/01/2012,1,46,9,32,0,12
2012,04/01/2012,1,38,16,19,<0,5
2012,05/01/2012,1,48,25,28,0,5
2012,06/01/2012,13,49,14,51,S/D,14
2012,07/01/2012,1,34,10,14,<0,5
2012,08/01/2012,1,56,12,9,<0,5
2012,09/01/2012,1,5,21,2,0,7
2012,10/01/2012,1,61,10,57,0,12
2012,11/01/2012,1,49,8,6,0,14
2012,12/01/2012,1,61,16,96,0,12
2012,13/01/2012,1,3,20,21,<0,5
2012,14/01/2012,1,33,7,15,0,6
2012,15/01/2012,1,36,11,15,0,6
2012,16/01/2012,1,35,11,17,0,6
2012,17/01/2012,1,33,11,22,0,9
2012,18/01/2012,1,45,9,S/D,1,18
2012,19/01/2012,1,51,18,34,S/D,S/D
2012,20/01/2012,1,63,23,3,S/D,S/D
2012,21/01/2012,1,48,12,39,0,11
2012,22/01/2012,1,48,16,S/D,16,S/D
2012,23/01/2012,1,41,9,S/D,11,S/D
2012,24/01/2012,1,4,8,17,0,9
2012,25/01/2012,1,35,6,36,<0,5
2012,26/01/2012,1,38,13,18,<0,5
2012,27/01/2012,1,43,8,24,0,5
2012,28/01/2012,1,29,15,26,0,8
2012,29/01/2012,1,43,19,18,0,6
2012,30/01/2012,1,41,10,26,0,12
2012,31/01/2012,1,8,13,34,0,43
2012,01/02/2012,1,76,29,55,0,65
2012,02/02/2012,1,48,10,63,0,11
2012,03/02/2012,1,53,11,53,0,6
2012,04/02/2012,1,65,18,21,0,29
2012,05/02/2012,1,76,22,86,0,35
2012,06/02/2012,1,46,11,6,0,1
2012,07/02/2012,1,54,9,23,0,13
2012,08/02/2012,1,54,13,23,0,2
2012,09/02/2012,1,43,6,46,<0,5
2012,10/02/2012,1,S/D,S/D,20,5,S/D
2012,11/02/2012,1,46,13,31,0,1
2012,12/02/2012,1,55,24,8,0,17
2012,13/02/2012,1,49,22,7,0,23
2012,14/02/2012,1,4,11,35,0,11
2012,15/02/2012,1,48,16,33,0,22
2012,16/02/2012,1,46,19,44,0,28
2012,17/02/2012,1,48,11,S/D,7,S/D
2012,18/02/2012,1,49,9,24,0,16
2012,19/02/2012,1,56,16,44,0,13
2012,20/02/2012,1,68,20,65,0,2
2012,21/02/2012,1,55,15,18,0,24
2012,22/02/2012,1,28,7,18,<0,5
2012,23/02/2012,1,53,19,16,0,27
2012,24/02/2012,1,4,17,78,<0,5
2012,25/02/2012,1,36,6,17,0,7
2012,26/02/2012,1,38,10,23,0,6
2012,27/02/2012,1,33,13,19,<0,5
2012,28/02/2012,1,48,10,15,0,15
2012,29/02/2012,1,63,17,5,0,36
2012,01/03/2012,1,41,12,25,0,11
2012,02/03/2012,1,58,12,8,0,1
2012,03/03/2012,1,49,20,6,0,23
2012,04/03/2012,1,49,16,5,0,24
2012,05/03/2012,1,44,7,11,0,22
2012,06/03/2012,1,63,10,69,0,13
2012,07/03/2012,1,49,9,34,0,12
2012,08/03/2012,1,65,18,S/D,16,S/D
2012,09/03/2012,1,4,4,32,0,9
2012,10/03/2012,1,49,8,24,0,18
2012,11/03/2012,1,1,45,78,0,49
2012,12/03/2012,1,43,15,16,0,11
2012,13/03/2012,1,93,14,2,0,47
2012,14/03/2012,1,89,16,16,0,38
2012,15/03/2012,1,45,8,45,<0,5
2012,16/03/2012,1,43,17,29,0,11
2012,17/03/2012,1,44,12,2,0,19
2012,18/03/2012,1,44,13,7,0,9
2012,19/03/2012,1,53,11,46,0,1
2012,20/03/2012,1,4,13,25,<0,5
2012,21/03/2012,1,75,21,36,0,15
2012,22/03/2012,1,6,16,64,0,14
2012,23/03/2012,1,35,11,93,<0,5
2012,24/03/2012,1,65,17,14,0,3
2012,25/03/2012,1,61,15,S/D,16,S/D
2012,26/03/2012,1,S/D,S/D,S/D,S/D,24
2012,27/03/2012,1,25,6,22,<0,5
2012,28/03/2012,1,33,11,18,<0,5
2012,29/03/2012,1,43,14,13,0,16
2012,30/03/2012,1,58,15,43,0,26
2012,31/03/2012,1,39,11,31,0,6
2012,01/04/2012,1,5,12,24,0,15
2012,02/04/2012,1,53,23,39,0,12
2012,03/04/2012,1,35,13,S/D,5,S/D
2012,04/04/2012,1,58,10,52,0,13
2012,05/04/2012,1,S/D,41,18,17,S/D
2012,06/04/2012,1,S/D,S/D,19,6,S/D
2012,07/04/2012,1,S/D,S/D,22,41,S/D
2012,08/04/2012,1,S/D,S/D,23,34,S/D
2012,09/04/2012,1,S/D,S/D,19,5,S/D
2012,10/04/2012,1,49,9,35,0,9
2012,11/04/2012,1,46,9,33,0,6
2012,12/04/2012,1,8,12,73,0,47
2012,13/04/2012,1,78,10,99,0,19
2012,14/04/2012,1,2,28,86,0,63
2012,15/04/2012,1,S/D,48,24,26,S/D
2012,16/04/2012,1,S/D,S/D,36,85,S/D
2012,17/04/2012,1,81,16,14,0,38
2012,18/04/2012,1,13,32,8,0,55
2012,19/04/2012,1,69,30,9,0,19
2012,20/04/2012,13,3,18,S/D,S/D,104
2012,21/04/2012,1,26,6,S/D,S/D,S/D
2012,22/04/2012,1,55,19,S/D,S/D,S/D
2012,23/04/2012,1,44,16,S/D,S/D,S/D
2012,24/04/2012,1,44,21,37,S/D,S/D
2012,25/04/2012,1,61,26,95,S/D,S/D
2012,26/04/2012,1,S/D,39,41,2,S/D
2012,27/04/2012,1,39,12,53,0,7
2012,28/04/2012,1,22,39,47,8,S/D
2012,29/04/2012,1,21,29,36,17,S/D
2012,30/04/2012,1,20,21,36,15,S/D
2012,01/05/2012,1,19,24,19,28,S/D
2012,02/05/2012,1,15,18,14,8,S/D
2012,03/05/2012,1,61,14,S/D,51,S/D
2012,04/05/2012,1,3,24,83,0,44
2012,05/05/2012,1,2,34,54,0,44
2012,06/05/2012,1,71,10,2,0,81
2012,07/05/2012,1,63,9,18,0,9
2012,08/05/2012,1,4,20,71,0,46
2012,09/05/2012,1,89,21,82,0,19
2012,10/05/2012,1,11,40,S/D,42,S/D
2012,11/05/2012,1,73,16,78,0,29
2012,12/05/2012,1,36,16,35,<0,5
2012,13/05/2012,1,95,21,7,0,34
2012,14/05/2012,1,99,21,21,0,58
2012,15/05/2012,1,2,25,31,0,67
2012,16/05/2012,1,71,12,6,0,18
2012,17/05/2012,1,84,11,75,0,31
2012,18/05/2012,1,69,9,52,0,38
2012,19/05/2012,1,9,17,72,0,25
2012,20/05/2012,1,85,18,34,0,14
2012,21/05/2012,1,85,10,29,0,29
2012,22/05/2012,1,86,18,4,0,14
2012,23/05/2012,1,95,16,23,0,13
2012,24/05/2012,1,75,19,29,0,11
2012,25/05/2012,1,7,21,94,0,11
2012,26/05/2012,1,51,15,17,0,17
2012,27/05/2012,1,55,18,11,0,16
2012,28/05/2012,1,69,15,16,0,5
2012,29/05/2012,1,94,11,36,0,7
2012,30/05/2012,1,48,14,43,<0,5
2012,31/05/2012,1,98,22,46,0,45
2012,01/06/2012,1,2,26,62,0,49
2012,02/06/2012,1,78,15,25,0,3
2012,03/06/2012,1,39,12,13,<0,5
2012,04/06/2012,1,56,15,4,0,13
2012,05/06/2012,1,98,23,19,0,41
2012,06/06/2012,1,83,20,43,0,43
2012,07/06/2012,1,45,10,34,0,12
2012,08/06/2012,1,21,48,46,85,37
2012,09/06/2012,1,86,29,4,1,6
2012,10/06/2012,1,95,21,26,0,22
2012,11/06/2012,1,35,34,57,2,14
2012,12/06/2012,1,19,14,87,0,33
2012,13/06/2012,1,4,16,4,0,48
2012,14/06/2012,1,96,28,25,1,67
2012,15/06/2012,1,9,20,27,0,29
2012,16/06/2012,1,51,10,51,<0,5
2012,17/06/2012,1,53,17,27,0,5
2012,18/06/2012,1,64,20,87,0,18
2012,19/06/2012,1,63,12,72,0,25
2012,20/06/2012,1,3,20,S/D,73,33
2012,21/06/2012,1,79,19,S/D,25,29
2012,22/06/2012,1,13,21,2,1,1
2012,23/06/2012,1,89,22,67,0,79
2012,24/06/2012,1,75,15,S/D,34,19
2012,25/06/2012,1,39,17,S/D,5,11
2012,26/06/2012,1,69,15,52,0,23
2012,27/06/2012,1,8,11,59,0,47
2012,28/06/2012,1,1,18,84,0,71
2012,29/06/2012,1,64,24,88,0,15
2012,30/06/2012,1,99,20,32,0,16
2012,01/07/2012,1,54,16,24,0,19
2012,02/07/2012,1,14,12,64,0,32
2012,03/07/2012,1,51,11,68,<0,5
2012,04/07/2012,1,61,15,S/D,24,19
2012,05/07/2012,1,91,19,37,0,3
2012,06/07/2012,1,93,29,S/D,42,37
2012,07/07/2012,1,25,35,86,0,86
2012,08/07/2012,1,58,18,19,0,11
2012,09/07/2012,1,53,19,23,0,15
2012,10/07/2012,1,73,27,34,0,28
2012,11/07/2012,1,66,22,S/D,12,33
2012,12/07/2012,1,66,19,66,0,39
2012,13/07/2012,1,S/D,S/D,53,3,43
2012,14/07/2012,1,S/D,S/D,66,64,22
2012,15/07/2012,1,S/D,S/D,67,1,22
2012,16/07/2012,1,S/D,S/D,36,7,38
2012,17/07/2012,1,89,35,49,0,73
2012,18/07/2012,1,58,35,4,1,5
2012,19/07/2012,1,54,33,14,1,15
2012,20/07/2012,1,51,24,69,0,97
2012,21/07/2012,1,61,24,3,0,59
2012,22/07/2012,1,86,21,6,0,13
2012,23/07/2012,1,75,26,41,0,11
2012,24/07/2012,1,86,25,73,0,44
2012,25/07/2012,1,75,28,25,0,18
2012,26/07/2012,1,89,26,45,0,63
2012,27/07/2012,1,59,24,21,0,8
2012,28/07/2012,1,9,24,19,0,35
2012,29/07/2012,1,6,33,71,1,18
2012,30/07/2012,1,13,33,111,74,67
2012,31/07/2012,1,64,27,25,1,13
2012,01/08/2012,1,68,13,S/D,15,15
2012,02/08/2012,1,30,S/D,S/D,42,34
2012,03/08/2012,1,98,29,96,0,28
2012,04/08/2012,1,85,16,2,0,1
2012,05/08/2012,1,4,22,22,S/D,S/D
2012,06/08/2012,1,94,28,61,S/D,S/D
2012,07/08/2012,1,71,12,69,0,17
2012,08/08/2012,1,S/D,S/D,56,28,36
2012,09/08/2012,1,8,12,22,0,34
2012,10/08/2012,1,5,19,2,1,88
2012,11/08/2012,1,95,23,68,0,28
2012,12/08/2012,1,98,18,66,0,22
2012,13/08/2012,1,38,22,79,1,8
2012,14/08/2012,1,73,17,35,0,31
2012,15/08/2012,1,24,23,35,0,36
2012,16/08/2012,1,18,15,98,0,43
2012,17/08/2012,1,14,25,5,0,25
2012,18/08/2012,1,S/D,S/D,64,99,25
2012,19/08/2012,1,S/D,S/D,38,2,23
2012,20/08/2012,1,S/D,S/D,41,7,27
2012,21/08/2012,1,S/D,S/D,54,5,15
2012,22/08/2012,1,75,17,91,0,16
2012,23/08/2012,1,84,12,62,0,51
2012,24/08/2012,1,85,8,59,1,5
2012,25/08/2012,1,5,8,64,<0,5
2012,26/08/2012,1,46,16,71,<0,5
2012,27/08/2012,1,41,15,55,<0,5
2012,28/08/2012,1,6,31,8,0,7
2012,29/08/2012,1,56,14,7,0,18
2012,30/08/2012,1,58,13,11,0,29
2012,31/08/2012,1,18,33,3,0,47
2012,01/09/2012,1,S/D,S/D,60,22,65
2012,02/09/2012,1,30,S/D,42,56,49
2012,03/09/2012,1,34,18,13,<0,5
2012,04/09/2012,1,51,11,31,0,28
2012,05/09/2012,1,11,S/D,46,13,11
2012,06/09/2012,1,5,17,8,0,6
2012,07/09/2012,1,59,13,52,0,1
2012,08/09/2012,1,4,14,16,0,64
2012,09/09/2012,1,68,19,29,<0,5
2012,10/09/2012,1,41,24,26,<0,5
2012,11/09/2012,1,66,21,77,0,1
2012,12/09/2012,1,91,18,36,0,38
2012,13/09/2012,1,51,37,59,0,77
2012,14/09/2012,1,79,13,33,0,36
2012,15/09/2012,1,91,23,22,0,14
2012,16/09/2012,1,7,12,8,0,19
2012,17/09/2012,1,48,15,23,0,6
2012,18/09/2012,1,38,12,S/D,5,14
2012,19/09/2012,1,44,5,73,<0,5
2012,20/09/2012,1,94,25,46,0,28
2012,21/09/2012,1,68,20,66,0,2
2012,22/09/2012,1,65,25,53,0,1
2012,23/09/2012,1,18,35,42,0,3
2012,24/09/2012,1,46,21,6,0,14
2012,25/09/2012,1,29,12,47,<0,5
2012,26/09/2012,1,49,16,94,<0,5
2012,27/09/2012,1,51,15,37,0,8
2012,28/09/2012,1,55,15,4,0,13
2012,29/09/2012,1,88,17,99,0,18
2012,30/09/2012,1,75,14,4,0,14
2012,01/10/2012,1,58,22,32,0,9
2012,02/10/2012,1,63,16,47,0,11
2012,03/10/2012,1,71,13,4,0,9
2012,04/10/2012,1,83,33,6,0,5
2012,05/10/2012,1,7,24,84,0,12
2012,06/10/2012,1,94,15,4,0,2
2012,07/10/2012,1,83,18,5,0,9
2012,08/10/2012,1,44,16,24,<0,5
2012,09/10/2012,1,89,22,4,0,13
2012,10/10/2012,1,54,7,77,<0,5
2012,11/10/2012,1,4,18,4,<0,5
2012,12/10/2012,1,68,19,81,0,7
2012,13/10/2012,1,71,17,33,0,13
2012,14/10/2012,1,53,14,22,0,7
2012,15/10/2012,1,48,23,23,0,6
2012,16/10/2012,1,59,11,34,0,14
2012,17/10/2012,1,58,7,58,0,1
2012,18/10/2012,1,61,16,83,0,5
2012,19/10/2012,1,6,14,78,0,1
2012,20/10/2012,1,5,29,41,0,57
2012,21/10/2012,1,68,35,95,0,72
2012,22/10/2012,1,61,17,48,0,1
2012,23/10/2012,1,51,20,89,0,7
2012,24/10/2012,1,58,11,57,<0,5
2012,25/10/2012,1,65,12,66,0,17
2012,26/10/2012,1,66,20,24,0,38
2012,27/10/2012,1,S/D,S/D,35,31,25
2012,28/10/2012,1,S/D,S/D,36,7,16
2012,29/10/2012,1,S/D,S/D,24,6,28
2012,30/10/2012,1,S/D,S/D,34,11,15
2012,31/10/2012,1,S/D,S/D,39,5,26
2012,01/11/2012,1,S/D,S/D,33,6,30
2012,02/11/2012,1,S/D,S/D,35,28,42
2012,03/11/2012,1,S/D,S/D,47,47,34
2012,04/11/2012,1,S/D,S/D,20,1,19
2012,05/11/2012,1,S/D,S/D,22,8,25
2012,06/11/2012,1,5,37,64,0,4
2012,07/11/2012,1,85,26,24,0,41
2012,08/11/2012,1,18,36,21,23,32
2012,09/11/2012,1,65,12,12,0,32
2012,10/11/2012,1,5,11,69,<0,5
2012,11/11/2012,1,39,12,45,<0,5
2012,12/11/2012,1,34,13,28,<0,5
2012,13/11/2012,1,36,21,27,<0,5
2012,14/11/2012,1,4,9,26,0,6
2012,15/11/2012,1,48,12,31,0,6
2012,16/11/2012,1,49,14,96,0,6
2012,17/11/2012,1,54,11,42,0,5
2012,18/11/2012,1,53,12,25,0,6
2012,19/11/2012,1,26,31,41,43,35
2012,20/11/2012,1,28,36,84,0,65
2012,21/11/2012,1,48,9,15,<0,5
2012,22/11/2012,1,6,10,58,0,11
2012,23/11/2012,1,53,20,73,0,6
2012,24/11/2012,1,73,20,35,0,9
2012,25/11/2012,1,31,11,31,0,13
2012,26/11/2012,1,36,10,9,<0,5
2012,27/11/2012,1,41,23,26,0,1
2012,28/11/2012,1,91,31,67,0,36
2012,29/11/2012,1,44,9,32,<0,5
2012,30/11/2012,1,38,6,44,<0,5
2012,01/12/2012,1,64,17,68,0,9
2012,02/12/2012,1,1,31,97,0,39
2012,03/12/2012,1,56,18,21,0,25
2012,04/12/2012,1,7,26,62,0,27
2012,05/12/2012,1,59,30,77,0,1
2012,06/12/2012,1,5,11,35,0,8
2012,07/12/2012,1,S/D,S/D,S/D,20,28
2012,08/12/2012,1,S/D,S/D,45,6,21
2012,09/12/2012,1,S/D,S/D,57,2,32
2012,10/12/2012,1,S/D,S/D,43,44,46
2012,11/12/2012,1,S/D,S/D,31,1,16
2012,12/12/2012,1,99,S/D,26,0,31
2012,13/12/2012,1,S/D,S/D,34,29,14
2012,14/12/2012,1,86,42,5,0,37
2012,15/12/2012,1,S/D,S/D,30,23,26
2012,16/12/2012,1,S/D,S/D,32,36,25
2012,17/12/2012,1,S/D,S/D,S/D,20,24
2012,18/12/2012,1,55,17,51,0,12
2012,19/12/2012,1,54,7,61,0,8
2012,20/12/2012,1,94,18,59,0,27
2012,21/12/2012,1,74,20,71,0,13
2012,22/12/2012,1,8,32,19,0,27
2012,23/12/2012,1,4,9,5,0,6
2012,24/12/2012,1,65,25,38,0,7
2012,25/12/2012,1,76,5,16,0,13
2012,26/12/2012,1,35,12,1,<0,5
2012,27/12/2012,1,53,21,52,<0,5
2012,28/12/2012,1,43,10,28,0,9
2012,29/12/2012,1,51,16,1,0,14
2012,30/12/2012,1,48,14,6,0,15
2012,31/12/2012,1,49,11,7,0,2
2013,01/01/2013,1,38,3,15,<0,5
2013,02/01/2013,1,25,10,13,<0,5
2013,03/01/2013,1,33,11,12,0,7
2013,04/01/2013,1,43,9,9,0,7
2013,05/01/2013,1,63,26,38,S/D,S/D
2013,06/01/2013,1,58,17,26,S/D,S/D
2013,07/01/2013,1,65,15,1,S/D,S/D
2013,08/01/2013,1,56,13,7,S/D,S/D
2013,09/01/2013,1,8,39,75,S/D,S/D
2013,10/01/2013,1,49,8,32,S/D,S/D
2013,11/01/2013,1,53,16,32,S/D,S/D
2013,12/01/2013,1,S/D,S/D,14,7,13
2013,13/01/2013,1,S/D,S/D,14,5,14
2013,14/01/2013,1,S/D,S/D,19,5,15
2013,15/01/2013,1,S/D,S/D,17,5,14
2013,16/01/2013,1,S/D,S/D,19,5,13
2013,17/01/2013,1,S/D,S/D,28,8,9
2013,18/01/2013,1,S/D,S/D,20,5,11
2013,19/01/2013,1,S/D,S/D,27,5,7
2013,20/01/2013,1,S/D,S/D,16,13,12
2013,21/01/2013,1,S/D,S/D,17,5,14
2013,22/01/2013,1,S/D,S/D,15,5,8
2013,23/01/2013,1,S/D,S/D,17,5,12
2013,24/01/2013,1,S/D,S/D,27,28,26
2013,25/01/2013,1,S/D,S/D,15,5,5
2013,26/01/2013,1,S/D,S/D,S/D,11,27
2013,27/01/2013,1,S/D,S/D,S/D,21,24
2013,28/01/2013,1,S/D,S/D,S/D,17,20
2013,29/01/2013,1,S/D,S/D,39,24,32
2013,30/01/2013,1,S/D,S/D,20,11,11
2013,31/01/2013,1,S/D,S/D,29,22,10
2013,01/02/2013,1,S/D,S/D,26,6,14
2013,02/02/2013,1,S/D,S/D,S/D,17,36
2013,03/02/2013,1,S/D,S/D,S/D,5,21
2013,04/02/2013,1,S/D,S/D,S/D,8,20
2013,05/02/2013,1,S/D,S/D,S/D,11,16
2013,06/02/2013,1,S/D,S/D,31,5,10
2013,07/02/2013,1,S/D,S/D,24,5,S/D
2013,08/02/2013,1,S/D,S/D,17,5,S/D
2013,09/02/2013,1,S/D,S/D,18,5,S/D
2013,10/02/2013,1,S/D,S/D,S/D,S/D,39
2013,11/02/2013,1,S/D,S/D,S/D,S/D,21
2013,12/02/2013,1,S/D,S/D,S/D,S/D,19
2013,13/02/2013,1,S/D,S/D,S/D,S/D,23
2013,14/02/2013,1,S/D,S/D,S/D,14,S/D
2013,15/02/2013,1,S/D,S/D,S/D,7,S/D
2013,16/02/2013,1,S/D,S/D,21,17,10
2013,17/02/2013,1,S/D,S/D,10,12,14
2013,18/02/2013,1,S/D,S/D,17,5,6
2013,19/02/2013,1,35,16,18,<0,5
2013,20/02/2013,1,51,18,8,<0,5
2013,21/02/2013,1,45,12,19,<0,5
2013,22/02/2013,1,46,15,54,<0,5
2013,23/02/2013,1,55,15,42,0,7
2013,24/02/2013,1,5,15,7,0,15
2013,25/02/2013,1,49,20,2,<0,5
2013,26/02/2013,1,35,17,47,<0,5
2013,27/02/2013,1,6,34,74,0,9
2013,28/02/2013,1,43,24,11,0,11
2013,01/03/2013,1,35,19,49,<0,5
2013,02/03/2013,1,51,17,32,0,6
2013,03/03/2013,1,39,17,12,<0,5
2013,04/03/2013,1,36,20,29,<0,5
2013,05/03/2013,1,51,26,75,0,9
2013,06/03/2013,1,53,34,8,0,15
2013,07/03/2013,1,76,40,34,0,3
2013,08/03/2013,1,63,26,27,0,17
2013,09/03/2013,1,65,23,36,0,6
2013,10/03/2013,1,76,29,36,0,19
2013,11/03/2013,1,53,43,38,0,7
2013,12/03/2013,1,86,42,95,0,27
2013,13/03/2013,1,41,32,25,<0,5
2013,14/03/2013,1,53,37,77,<0,5
2013,15/03/2013,1,46,39,12,<0,5
2013,16/03/2013,1,54,35,98,<0,5
2013,17/03/2013,1,38,30,1,<0,5
2013,18/03/2013,1,46,37,24,0,5
2013,19/03/2013,1,41,21,24,<0,5
2013,20/03/2013,1,4,28,43,0,5
2013,21/03/2013,1,53,25,43,0,7
2013,22/03/2013,1,49,S/D,83,<0,5
2013,23/03/2013,1,1,75,27,0,45
2013,24/03/2013,1,S/D,S/D,S/D,13,S/D
2013,25/03/2013,1,S/D,S/D,S/D,17,S/D
2013,26/03/2013,1,85,56,52,0,23
2013,27/03/2013,1,6,47,67,0,13
2013,28/03/2013,1,54,13,67,0,12
2013,29/03/2013,1,55,20,23,0,8
2013,30/03/2013,1,5,11,23,0,7
2013,31/03/2013,1,51,21,41,0,5
2013,01/04/2013,1,S/D,25,S/D,5,8
2013,02/04/2013,1,S/D,S/D,S/D,5,9
2013,03/04/2013,1,S/D,S/D,S/D,7,10
2013,04/04/2013,1,99,S/D,26,0,31
2013,05/04/2013,1,81,S/D,24,0,16
2013,06/04/2013,1,84,S/D,92,0,14
2013,07/04/2013,1,34,S/D,22,<0,5
2013,08/04/2013,1,3,S/D,16,0,42
2013,09/04/2013,1,S/D,S/D,S/D,18,21
2013,10/04/2013,1,48,21,46,0,8
2013,11/04/2013,1,54,15,49,0,7
2013,12/04/2013,1,89,19,29,0,1
2013,13/04/2013,1,48,19,47,<0,5
2013,14/04/2013,1,91,28,68,0,32
2013,15/04/2013,1,64,25,44,0,16
2013,16/04/2013,1,63,16,17,<0,5
2013,17/04/2013,1,63,19,7,0,8
2013,18/04/2013,1,46,27,31,0,6
2013,19/04/2013,1,3,27,2,0,42
2013,20/04/2013,1,5,35,6,0,69
2013,21/04/2013,1,65,27,41,0,12
2013,22/04/2013,1,54,15,31,0,1
2013,23/04/2013,1,68,21,81,0,1
2013,24/04/2013,1,93,17,84,0,15
2013,25/04/2013,1,7,19,6,S/D,S/D
2013,26/04/2013,1,28,30,76,0,76
2013,27/04/2013,1,61,19,52,0,9
2013,28/04/2013,1,63,22,26,0,7
2013,29/04/2013,1,53,17,27,0,11
2013,30/04/2013,1,9,27,33,0,2
2013,01/05/2013,1,58,15,68,0,16
2013,02/05/2013,1,46,14,6,0,9
2013,03/05/2013,1,55,19,58,0,1
2013,04/05/2013,1,43,20,41,<0,5
2013,05/05/2013,1,99,23,76,0,39
2013,06/05/2013,1,8,21,1,0,28
2013,07/05/2013,1,38,9,29,<0,5
2013,08/05/2013,1,79,18,25,0,16
2013,09/05/2013,1,6,20,33,0,46
2013,10/05/2013,1,95,17,S/D,4,18
2013,11/05/2013,1,39,27,47,0,46
2013,12/05/2013,1,16,23,16,0,37
2013,13/05/2013,1,78,21,5,S/D,S/D
2013,14/05/2013,1,71,15,75,0,6
2013,15/05/2013,1,63,11,91,0,9
2013,16/05/2013,1,49,17,47,0,6
2013,17/05/2013,1,5,32,1,0,36
2013,18/05/2013,1,15,26,48,0,16
2013,19/05/2013,1,75,20,2,0,9
2013,20/05/2013,1,6,19,7,0,6
2013,21/05/2013,1,1,26,62,0,33
2013,22/05/2013,1,55,25,85,S/D,S/D
2013,23/05/2013,1,11,19,58,S/D,S/D
2013,24/05/2013,1,7,23,63,S/D,S/D
2013,25/05/2013,1,58,14,50,S/D,S/D
2013,26/05/2013,1,63,13,13,S/D,S/D
2013,27/05/2013,1,49,22,27,S/D,S/D
2013,28/05/2013,1,71,13,24,S/D,S/D
2013,29/05/2013,1,11,22,99,S/D,S/D
2013,30/05/2013,1,48,14,20,S/D,S/D
2013,31/05/2013,1,3,19,23,S/D,S/D
2013,01/06/2013,1,21,31,20,S/D,S/D
2013,02/06/2013,1,84,21,35,S/D,S/D
2013,03/06/2013,1,93,22,44,S/D,S/D
2013,04/06/2013,1,8,23,36,S/D,S/D
2013,05/06/2013,1,63,34,165,S/D,S/D
2013,06/06/2013,1,61,10,17,S/D,S/D
2013,07/06/2013,1,94,22,22,S/D,S/D
2013,08/06/2013,1,9,22,40,S/D,S/D
2013,09/06/2013,1,61,17,22,S/D,S/D
2013,10/06/2013,1,86,17,49,S/D,S/D
2013,11/06/2013,1,64,24,53,S/D,S/D
2013,12/06/2013,1,7,25,35,S/D,S/D
2013,13/06/2013,1,45,24,39,S/D,S/D
2013,14/06/2013,1,28,15,56,S/D,S/D
2013,15/06/2013,1,46,19,26,S/D,S/D
2013,16/06/2013,1,65,19,22,S/D,S/D
2013,17/06/2013,1,58,18,26,S/D,S/D
2013,18/06/2013,1,76,15,27,S/D,S/D
2013,19/06/2013,1,5,16,33,S/D,S/D
2013,20/06/2013,1,31,26,102,S/D,S/D
2013,21/06/2013,1,26,29,113,S/D,S/D
2013,22/06/2013,1,5,21,29,S/D,S/D
2013,23/06/2013,1,71,25,47,S/D,S/D
2013,24/06/2013,1,58,29,36,S/D,S/D
2013,25/06/2013,1,59,29,54,S/D,S/D
2013,26/06/2013,1,69,33,63,S/D,S/D
2013,27/06/2013,1,15,28,48,S/D,S/D
2013,28/06/2013,1,6,17,18,S/D,S/D
2013,29/06/2013,1,63,15,23,S/D,S/D
2013,30/06/2013,1,95,30,75,S/D,S/D
2013,01/07/2013,1,76,24,71,S/D,S/D
2013,02/07/2013,1,5,24,27,S/D,S/D
2013,03/07/2013,1,5,11,8,S/D,S/D
2013,04/07/2013,1,86,14,38,S/D,S/D
2013,05/07/2013,1,15,18,144,S/D,S/D
2013,06/07/2013,1,81,17,60,S/D,S/D
2013,07/07/2013,1,56,14,67,S/D,S/D
2013,08/07/2013,1,73,27,105,S/D,S/D
2013,09/07/2013,1,74,20,27,S/D,S/D
2013,10/07/2013,1,85,15,30,S/D,S/D
2013,11/07/2013,1,14,23,21,S/D,S/D
2013,12/07/2013,1,3,15,77,S/D,S/D
2013,13/07/2013,1,6,16,38,S/D,S/D
2013,14/07/2013,1,8,18,47,S/D,S/D
2013,15/07/2013,1,99,26,140,S/D,S/D
2013,16/07/2013,1,99,23,49,S/D,S/D
2013,17/07/2013,1,35,27,57,S/D,S/D
2013,18/07/2013,1,33,18,42,S/D,S/D
2013,19/07/2013,1,S/D,S/D,28,S/D,S/D
2013,20/07/2013,1,93,29,S/D,S/D,S/D
2013,21/07/2013,1,56,16,S/D,S/D,S/D
2013,22/07/2013,1,7,11,S/D,S/D,S/D
2013,23/07/2013,1,68,12,S/D,S/D,S/D
2013,24/07/2013,1,73,21,S/D,S/D,S/D
2013,25/07/2013,1,36,32,S/D,S/D,S/D
2013,26/07/2013,1,74,19,S/D,S/D,S/D
2013,27/07/2013,1,76,S/D,S/D,S/D,S/D
2013,28/07/2013,1,88,S/D,S/D,S/D,S/D
2013,29/07/2013,1,81,S/D,S/D,S/D,S/D
2013,30/07/2013,1,9,S/D,S/D,S/D,S/D
2013,31/07/2013,1,81,S/D,S/D,1,15
2013,01/08/2013,1,7,S/D,S/D,S/D,38
2013,02/08/2013,1,54,S/D,S/D,1,4
2013,03/08/2013,1,69,S/D,S/D,5,6
2013,04/08/2013,1,73,S/D,S/D,5,8
2013,05/08/2013,1,1,S/D,S/D,42,12
2013,06/08/2013,1,73,S/D,S/D,9,13
2013,07/08/2013,1,74,S/D,S/D,22,7
2013,08/08/2013,1,63,S/D,S/D,6,7
2013,09/08/2013,1,68,S/D,S/D,7,5
2013,10/08/2013,1,4,S/D,S/D,42,14
2013,11/08/2013,1,73,S/D,S/D,17,S/D
2013,12/08/2013,1,8,S/D,S/D,S/D,25
2013,13/08/2013,1,49,S/D,S/D,5,2
2013,14/08/2013,1,99,S/D,S/D,2,9
2013,15/08/2013,1,9,S/D,S/D,23,5
2013,16/08/2013,1,88,S/D,S/D,11,14
2013,17/08/2013,1,91,S/D,S/D,12,15
2013,18/08/2013,1,84,S/D,S/D,8,9
2013,19/08/2013,1,21,S/D,S/D,2,8
2013,20/08/2013,1,86,S/D,S/D,63,16
2013,21/08/2013,1,9,S/D,S/D,11,11
2013,22/08/2013,1,9,S/D,S/D,33,10
2013,23/08/2013,1,39,S/D,S/D,5,S/D
2013,24/08/2013,1,6,S/D,S/D,1,19
2013,25/08/2013,1,5,S/D,S/D,7,18
2013,26/08/2013,1,29,S/D,S/D,5,15
2013,27/08/2013,1,54,S/D,S/D,5,18
2013,28/08/2013,1,55,S/D,S/D,2,16
2013,29/08/2013,1,71,S/D,S/D,18,12
2013,30/08/2013,1,9,S/D,S/D,3,27
2013,31/08/2013,1,96,S/D,S/D,48,29
2013,01/09/2013,1,81,S/D,S/D,15,16
2013,02/09/2013,1,68,S/D,S/D,1,15
2013,03/09/2013,1,64,S/D,S/D,6,15
2013,04/09/2013,1,56,S/D,S/D,5,12
2013,05/09/2013,1,66,S/D,S/D,5,8
2013,06/09/2013,1,99,S/D,S/D,13,10
2013,07/09/2013,1,78,S/D,S/D,13,13
2013,08/09/2013,1,59,S/D,S/D,67,22
2013,09/09/2013,1,93,S/D,S/D,43,18
2013,10/09/2013,1,8,S/D,S/D,23,18
2013,11/09/2013,1,S/D,S/D,S/D,15,37
2013,12/09/2013,1,86,S/D,S/D,15,13
2013,13/09/2013,1,51,S/D,S/D,5,6
2013,14/09/2013,1,49,S/D,S/D,5,5
2013,15/09/2013,1,48,S/D,S/D,5,5
2013,16/09/2013,1,5,S/D,S/D,5,4
2013,17/09/2013,1,66,S/D,S/D,5,7
2013,18/09/2013,1,S/D,S/D,S/D,21,11
2013,19/09/2013,1,S/D,S/D,S/D,27,24
2013,20/09/2013,1,S/D,S/D,S/D,12,39
2013,21/09/2013,1,79,S/D,S/D,26,26
2013,22/09/2013,1,71,S/D,S/D,15,9
2013,23/09/2013,1,21,S/D,S/D,5,16
2013,24/09/2013,1,24,S/D,S/D,5,16
2013,25/09/2013,1,19,S/D,S/D,5,13
2013,26/09/2013,1,S/D,S/D,S/D,8,20
2013,27/09/2013,1,S/D,S/D,S/D,11,16
2013,28/09/2013,1,S/D,S/D,S/D,12,18
2013,29/09/2013,1,S/D,S/D,S/D,9,18
2013,30/09/2013,1,S/D,S/D,S/D,10,12
2013,01/10/2013,1,S/D,S/D,S/D,18,15
2013,02/10/2013,1,S/D,S/D,S/D,20,23
2013,03/10/2013,1,43,S/D,S/D,5,9
2013,04/10/2013,1,2,S/D,S/D,6,15
2013,05/10/2013,1,34,17,S/D,7,12
2013,06/10/2013,1,S/D,S/D,S/D,16,17
2013,07/10/2013,1,S/D,S/D,S/D,8,16
2013,08/10/2013,1,43,17,S/D,6,9
2013,09/10/2013,1,46,16,S/D,8,11
2013,10/10/2013,1,74,29,S/D,6,21
2013,11/10/2013,1,45,21,S/D,6,13
2013,12/10/2013,1,34,19,S/D,5,15
2013,13/10/2013,1,34,13,S/D,5,11
2013,14/10/2013,1,43,20,S/D,5,12
2013,15/10/2013,1,6,51,S/D,59,35
2013,16/10/2013,1,71,19,S/D,1,20
2013,17/10/2013,1,75,30,S/D,12,18
2013,18/10/2013,1,61,19,S/D,5,10
2013,19/10/2013,1,74,28,S/D,24,22
2013,20/10/2013,1,48,13,S/D,5,11
2013,21/10/2013,1,64,22,S/D,6,18
2013,22/10/2013,1,34,11,S/D,5,11
2013,23/10/2013,1,45,13,S/D,5,10
2013,24/10/2013,1,48,11,S/D,5,9
2013,25/10/2013,1,25,22,S/D,5,13
2013,26/10/2013,1,45,17,S/D,5,10
2013,27/10/2013,1,36,35,S/D,57,20
2013,28/10/2013,1,24,12,S/D,5,10
2013,29/10/2013,1,41,10,S/D,5,9
2013,30/10/2013,1,49,25,S/D,5,17
2013,31/10/2013,1,43,12,S/D,9,19
2013,01/11/2013,1,63,18,S/D,5,9
2013,02/11/2013,1,56,10,S/D,6,10
2013,03/11/2013,1,5,13,S/D,5,8
2013,04/11/2013,1,54,26,S/D,13,16
2013,05/11/2013,1,29,12,S/D,5,11
2013,06/11/2013,1,41,12,S/D,5,10
2013,07/11/2013,1,38,10,S/D,7,10
2013,08/11/2013,1,95,26,S/D,26,20
2013,09/11/2013,1,9,27,S/D,25,20
2013,10/11/2013,1,39,S/D,S/D,7,13
2013,11/11/2013,1,55,S/D,S/D,6,7
2013,12/11/2013,1,95,S/D,S/D,18,18
2013,13/11/2013,1,45,S/D,S/D,5,14
2013,14/11/2013,1,43,S/D,S/D,5,11
2013,15/11/2013,1,51,S/D,S/D,11,13
2013,16/11/2013,1,29,S/D,S/D,5,11
2013,17/11/2013,1,45,S/D,S/D,7,12
2013,18/11/2013,1,39,S/D,S/D,6,8
2013,19/11/2013,1,45,S/D,S/D,5,9
2013,20/11/2013,1,38,S/D,S/D,5,10
2013,21/11/2013,1,41,S/D,S/D,5,12
2013,22/11/2013,1,51,S/D,S/D,5,9
2013,23/11/2013,1,56,S/D,S/D,15,9
2013,24/11/2013,1,43,S/D,S/D,5,3
2013,25/11/2013,1,56,S/D,S/D,15,4
2013,26/11/2013,1,36,S/D,S/D,3,8
2013,27/11/2013,1,35,S/D,S/D,4,9
2013,28/11/2013,1,48,18,S/D,12,10
2013,29/11/2013,1,15,18,S/D,35,14
2013,30/11/2013,1,38,14,S/D,5,7
2013,01/12/2013,1,48,14,S/D,13,9
2013,02/12/2013,1,46,16,S/D,6,11
2013,03/12/2013,1,68,21,S/D,17,12
2013,04/12/2013,1,58,37,S/D,12,16
2013,05/12/2013,1,54,2,S/D,12,6
2013,06/12/2013,1,33,16,S/D,5,9
2013,07/12/2013,1,59,28,S/D,16,11
2013,08/12/2013,1,66,21,S/D,18,11
2013,09/12/2013,1,76,17,S/D,12,8
2013,10/12/2013,1,39,9,S/D,5,3
2013,11/12/2013,1,43,14,S/D,5,9
2013,12/12/2013,1,45,15,S/D,6,11
2013,13/12/2013,1,5,16,S/D,5,14
2013,14/12/2013,1,58,18,S/D,13,11
2013,15/12/2013,1,54,21,S/D,7,12
2013,16/12/2013,1,69,41,S/D,12,29
2013,17/12/2013,1,59,21,S/D,6,9
2013,18/12/2013,1,66,20,S/D,27,12
2013,19/12/2013,1,44,18,S/D,5,9
2013,20/12/2013,1,41,15,S/D,5,5
2013,21/12/2013,1,45,18,S/D,5,4
2013,22/12/2013,1,38,12,S/D,5,30
2013,23/12/2013,1,35,20,S/D,5,5
2013,24/12/2013,1,44,17,S/D,S/D,S/D
2013,25/12/2013,1,43,11,S/D,S/D,S/D
2013,26/12/2013,1,58,28,S/D,S/D,S/D
2013,27/12/2013,1,61,38,S/D,11,25
2013,28/12/2013,1,8,39,S/D,27,25
2013,29/12/2013,1,79,42,S/D,38,48
2013,30/12/2013,1,75,40,S/D,21,33
2013,31/12/2013,1,38,20,S/D,12,5
2014,01/01/2014,1,3,24,S/D,5,4
2014,02/01/2014,1,34,28,S/D,11,7
2014,03/01/2014,1,41,15,S/D,7,8
2014,04/01/2014,1,33,26,S/D,5,23
2014,05/01/2014,1,33,23,S/D,9,13
2014,06/01/2014,1,35,42,S/D,S/D,S/D
2014,07/01/2014,1,43,19,S/D,27,15
2014,08/01/2014,1,66,16,S/D,17,15
2014,09/01/2014,1,4,12,S/D,5,8
2014,10/01/2014,1,65,17,S/D,2,12
2014,11/01/2014,1,71,17,S/D,19,13
2014,12/01/2014,1,24,10,S/D,5,5
2014,13/01/2014,1,28,10,S/D,5,7
2014,14/01/2014,1,34,11,S/D,5,7
2014,15/01/2014,1,45,15,S/D,7,23
2014,16/01/2014,1,58,18,S/D,9,20
2014,17/01/2014,1,55,20,S/D,14,19
2014,18/01/2014,1,68,17,S/D,19,16
2014,19/01/2014,1,65,16,S/D,18,8
2014,20/01/2014,1,33,8,S/D,5,4
2014,21/01/2014,1,53,10,S/D,7,10
2014,22/01/2014,1,83,20,S/D,23,15
2014,23/01/2014,1,69,13,S/D,13,7
2014,24/01/2014,1,55,14,S/D,15,7
2014,25/01/2014,1,26,10,S/D,5,5
2014,26/01/2014,1,25,11,S/D,S/D,20
2014,27/01/2014,1,31,17,S/D,6,9
2014,28/01/2014,1,45,11,S/D,11,8
2014,29/01/2014,1,75,22,S/D,13,14
2014,30/01/2014,1,51,13,86,0,6
2014,31/01/2014,1,56,9,87,0,13
2014,01/02/2014,1,7,12,2,0,15
2014,02/02/2014,1,64,19,87,0,8
2014,03/02/2014,1,53,20,75,0,13
2014,04/02/2014,1,7,18,77,0,16
2014,05/02/2014,1,47,10,59,0,5
2014,06/02/2014,1,5,10,21,0,8
2014,07/02/2014,1,45,19,77,<0,5
2014,08/02/2014,1,26,23,15,0,58
2014,09/02/2014,1,48,14,81,0,7
2014,10/02/2014,1,44,10,73,<0,5
2014,11/02/2014,1,68,10,91,0,7
2014,12/02/2014,1,98,19,25,0,37
2014,13/02/2014,1,26,9,7,<0,5
2014,14/02/2014,1,2,8,53,<0,5
2014,15/02/2014,1,21,8,76,0,5
2014,16/02/2014,1,15,7,44,<0,5
2014,17/02/2014,1,25,11,52,0,6
2014,18/02/2014,1,36,15,83,S/D,S/D
2014,19/02/2014,1,51,15,88,S/D,S/D
2014,20/02/2014,1,53,13,5,S/D,S/D
2014,21/02/2014,1,85,25,27,S/D,S/D
2014,22/02/2014,1,65,18,S/D,6,10
2014,23/02/2014,1,36,11,S/D,5,5
2014,24/02/2014,1,4,12,S/D,5,8
2014,25/02/2014,1,34,5,S/D,5,5
2014,26/02/2014,1,34,8,S/D,5,4
2014,27/02/2014,1,39,16,S/D,5,9
2014,28/02/2014,1,46,18,S/D,11,14
2014,01/03/2014,1,51,14,S/D,5,13
2014,02/03/2014,1,44,13,S/D,6,8
2014,03/03/2014,1,35,9,S/D,5,8
2014,04/03/2014,1,38,7,S/D,5,3
2014,05/03/2014,1,53,12,S/D,11,16
2014,06/03/2014,1,86,10,S/D,2,6
2014,07/03/2014,1,63,18,89,<0,5
2014,08/03/2014,1,5,14,42,0,11
2014,09/03/2014,1,46,13,24,0,11
2014,10/03/2014,1,53,12,45,0,5
2014,11/03/2014,1,56,22,86,<0,5
2014,12/03/2014,1,76,24,34,0,18
2014,13/03/2014,1,55,11,47,0,15
2014,14/03/2014,1,49,14,55,S/D,S/D
2014,15/03/2014,1,76,8,29,S/D,S/D
2014,16/03/2014,1,1,21,85,S/D,S/D
2014,17/03/2014,1,73,20,42,S/D,S/D
2014,18/03/2014,1,43,11,79,S/D,S/D
2014,19/03/2014,1,39,20,52,<0,5
2014,20/03/2014,1,41,10,6,0,6
2014,21/03/2014,1,76,15,43,0,25
2014,22/03/2014,1,44,12,6,<0,5
2014,23/03/2014,1,83,27,57,0,7
2014,24/03/2014,1,6,22,6,0,15
2014,25/03/2014,1,45,27,81,<0,5
2014,26/03/2014,1,41,15,71,<0,5
2014,27/03/2014,1,74,17,99,0,8
2014,28/03/2014,1,95,22,9,0,13
2014,29/03/2014,1,94,20,75,0,4
2014,30/03/2014,1,73,19,81,0,9
2014,31/03/2014,1,6,12,8,<0,5
2014,01/04/2014,1,76,21,68,<0,5
2014,02/04/2014,1,39,7,63,<0,5
2014,03/04/2014,1,56,7,45,<0,5
2014,04/04/2014,1,5,10,9,0,9
2014,05/04/2014,1,88,17,84,<0,5
2014,06/04/2014,1,88,17,64,0,6
2014,07/04/2014,1,74,9,5,<0,5
2014,08/04/2014,1,86,12,62,0,7
2014,09/04/2014,1,36,13,56,0,7
2014,10/04/2014,1,14,22,45,0,52
2014,11/04/2014,1,55,18,97,0,14
2014,12/04/2014,1,48,19,24,<0,5
2014,13/04/2014,1,1,7,37,<0,5
2014,14/04/2014,1,24,19,45,<0,5
2014,15/04/2014,1,56,21,52,0,26
2014,16/04/2014,1,49,13,47,0,17
2014,17/04/2014,1,17,22,36,0,29
2014,18/04/2014,1,35,12,83,<0,5
2014,19/04/2014,1,19,32,25,0,9
2014,20/04/2014,1,48,22,56,<0,5
2014,21/04/2014,1,53,21,72,0,9
2014,22/04/2014,1,45,20,84,0,54
2014,23/04/2014,1,95,24,57,0,47
2014,24/04/2014,1,4,S/D,86,0,53
2014,25/04/2014,1,56,S/D,74,0,32
2014,26/04/2014,1,48,S/D,7,0,27
2014,27/04/2014,1,44,S/D,43,0,23
2014,28/04/2014,1,49,S/D,5,0,31
2014,29/04/2014,1,49,S/D,81,0,27
2014,30/04/2014,1,61,S/D,83,0,28
2014,01/05/2014,1,78,S/D,19,0,25
2014,02/05/2014,1,13,S/D,97,0,59
2014,03/05/2014,1,7,S/D,42,0,47
2014,04/05/2014,1,16,S/D,76,0,65
2014,05/05/2014,1,28,S/D,95,0,51
2014,06/05/2014,1,9,S/D,81,0,36
2014,07/05/2014,1,14,S/D,S/D,42,10
2014,08/05/2014,1,25,S/D,26,0,68
2014,09/05/2014,1,S/D,22,S/D,26,8
2014,10/05/2014,1,S/D,24,S/D,27,7
2014,11/05/2014,1,S/D,22,S/D,28,9
2014,12/05/2014,1,S/D,16,S/D,26,8
2014,13/05/2014,1,S/D,26,S/D,59,11
2014,14/05/2014,1,S/D,24,S/D,48,12
2014,15/05/2014,1,S/D,21,S/D,58,12
2014,16/05/2014,1,41,22,17,0,2
2014,17/05/2014,1,59,17,73,0,46
2014,18/05/2014,1,46,17,72,0,33
2014,19/05/2014,1,49,20,11,0,4
2014,20/05/2014,1,94,28,13,0,52
2014,21/05/2014,1,51,6,68,0,24
2014,22/05/2014,1,65,11,1,0,36
2014,23/05/2014,1,63,10,28,0,35
2014,24/05/2014,1,24,29,S/D,59,17
2014,25/05/2014,1,89,24,82,0,58
2014,26/05/2014,1,73,21,83,0,55
2014,27/05/2014,1,55,23,19,0,67
2014,28/05/2014,1,86,23,74,0,45
2014,29/05/2014,1,58,13,59,0,36
2014,30/05/2014,1,55,14,61,0,45
2014,31/05/2014,1,85,19,94,0,36
2014,01/06/2014,1,65,23,42,0,42
2014,02/06/2014,1,69,30,68,1,8
2014,03/06/2014,1,81,18,57,0,48
2014,04/06/2014,1,46,11,58,0,32
2014,05/06/2014,1,84,17,6,0,6
2014,06/06/2014,1,73,25,39,0,35
2014,07/06/2014,1,58,25,75,0,34
2014,08/06/2014,1,76,21,2,0,47
2014,09/06/2014,1,56,15,52,0,29
2014,10/06/2014,1,84,30,24,0,83
2014,11/06/2014,1,55,16,53,0,31
2014,12/06/2014,1,59,11,64,0,35
2014,13/06/2014,1,45,10,56,0,31
2014,14/06/2014,1,9,26,61,0,61
2014,15/06/2014,1,53,16,59,0,21
2014,16/06/2014,1,91,24,18,0,41
2014,17/06/2014,1,26,27,S/D,55,27
2014,18/06/2014,1,86,22,25,0,48
2014,19/06/2014,1,88,28,32,0,43
2014,20/06/2014,1,93,28,65,0,54
2014,21/06/2014,1,66,20,64,0,46
2014,22/06/2014,1,65,14,65,0,33
2014,23/06/2014,1,69,23,44,0,66
2014,24/06/2014,1,83,11,25,37,14
2014,25/06/2014,1,9,19,93,0,41
2014,26/06/2014,1,94,19,94,S/D,S/D
2014,27/06/2014,1,99,20,74,S/D,S/D
2014,28/06/2014,1,59,32,83,0,78
2014,29/06/2014,1,2,29,94,0,63
2014,30/06/2014,1,6,24,42,0,54
2014,01/07/2014,1,6,24,92,0,32
2014,02/07/2014,1,89,20,49,0,32
2014,03/07/2014,1,74,16,78,0,35
2014,04/07/2014,1,3,27,35,0,56
2014,05/07/2014,1,53,18,64,0,18
2014,06/07/2014,1,35,11,41,0,26
2014,07/07/2014,1,55,15,61,0,32
2014,08/07/2014,1,8,21,3,0,25
2014,09/07/2014,1,6,20,97,0,34
2014,10/07/2014,1,48,19,52,0,21
2014,11/07/2014,1,56,16,77,0,3
2014,12/07/2014,1,91,18,1,0,48
2014,13/07/2014,1,7,13,5,0,32
2014,14/07/2014,1,36,23,27,0,74
2014,15/07/2014,1,74,11,63,0,41
2014,16/07/2014,1,91,23,18,0,42
2014,17/07/2014,1,59,24,83,S/D,S/D
2014,18/07/2014,1,9,24,11,S/D,S/D
2014,19/07/2014,1,21,28,S/D,S/D,26
2014,20/07/2014,1,96,20,63,0,61
2014,21/07/2014,1,5,9,39,0,42
2014,22/07/2014,1,5,17,74,0,59
2014,23/07/2014,1,5,9,S/D,36,7
2014,24/07/2014,1,49,19,S/D,32,16
2014,25/07/2014,1,96,30,S/D,5,28
2014,26/07/2014,1,5,23,S/D,45,20
2014,27/07/2014,1,55,23,S/D,37,22
2014,28/07/2014,1,53,26,S/D,29,10
2014,29/07/2014,1,49,16,S/D,32,8
2014,30/07/2014,1,95,20,S/D,65,18
2014,31/07/2014,1,61,17,S/D,39,18
2014,01/08/2014,1,15,24,S/D,14,31
2014,02/08/2014,1,1,20,S/D,46,18
2014,03/08/2014,1,34,14,S/D,59,11
2014,04/08/2014,1,44,12,S/D,22,8
2014,05/08/2014,1,8,27,9,0,57
2014,06/08/2014,1,4,14,39,0,29
2014,07/08/2014,1,76,13,36,0,35
2014,08/08/2014,1,9,23,32,0,53
2014,09/08/2014,1,85,23,54,0,53
2014,10/08/2014,1,61,14,43,0,39
2014,11/08/2014,1,53,17,84,0,22
2014,12/08/2014,1,84,27,89,0,48
2014,13/08/2014,1,5,21,66,0,18
2014,14/08/2014,1,7,23,59,0,46
2014,15/08/2014,1,58,15,42,0,36
2014,16/08/2014,1,96,15,98,0,42
2014,17/08/2014,1,15,31,1,0,47
2014,18/08/2014,1,15,31,74,0,77
2014,19/08/2014,1,91,16,S/D,53,18
2014,20/08/2014,1,94,23,S/D,37,13
2014,21/08/2014,1,79,15,S/D,41,19
2014,22/08/2014,1,33,23,8,0,69
2014,23/08/2014,1,76,11,75,0,39
2014,24/08/2014,1,99,7,16,0,49
2014,25/08/2014,1,36,6,28,0,15
2014,26/08/2014,1,45,6,5,0,16
2014,27/08/2014,1,53,13,S/D,14,9
2014,28/08/2014,1,8,25,99,0,33
2014,29/08/2014,1,59,27,65,0,19
2014,30/08/2014,1,76,25,89,0,29
2014,31/08/2014,1,85,24,87,0,29
2014,01/09/2014,1,93,19,93,0,27
2014,02/09/2014,1,69,9,65,0,29
2014,03/09/2014,1,73,20,S/D,23,13
2014,04/09/2014,1,6,8,S/D,25,12
2014,05/09/2014,1,58,10,51,0,24
2014,06/09/2014,1,1,13,5,0,4
2014,07/09/2014,1,79,19,55,0,37
2014,08/09/2014,1,81,18,31,0,35
2014,09/09/2014,1,9,12,49,0,4
2014,10/09/2014,1,63,10,63,0,2
2014,11/09/2014,1,7,25,81,S/D,S/D
2014,12/09/2014,1,51,21,34,S/D,S/D
2014,13/09/2014,1,45,13,56,0,27
2014,14/09/2014,1,37,S/D,37,0,22
2014,15/09/2014,1,4,16,7,0,23
2014,16/09/2014,1,64,25,4,0,34
2014,17/09/2014,1,5,16,63,0,28
2014,18/09/2014,1,49,17,56,0,25
2014,19/09/2014,1,45,21,49,0,25
2014,20/09/2014,1,4,27,4,0,53
2014,21/09/2014,1,4,11,43,0,17
2014,22/09/2014,1,46,9,22,0,29
2014,23/09/2014,1,61,13,3,0,34
2014,24/09/2014,1,66,16,47,0,29
2014,25/09/2014,1,59,13,25,S/D,S/D
2014,26/09/2014,1,69,8,79,S/D,S/D
2014,27/09/2014,1,56,21,76,0,25
2014,28/09/2014,1,39,10,15,0,23
2014,29/09/2014,13,6,17,S/D,26,13
2014,30/09/2014,1,41,13,S/D,4,16
2014,01/10/2014,1,45,20,66,0,23
2014,02/10/2014,1,34,13,43,S/D,S/D
2014,03/10/2014,1,4,9,46,0,24
2014,04/10/2014,1,54,16,51,0,34
2014,05/10/2014,1,51,13,39,0,28
2014,06/10/2014,1,66,13,44,0,33
2014,07/10/2014,1,1,21,77,S/D,S/D
2014,08/10/2014,1,91,36,72,S/D,S/D
2014,09/10/2014,1,89,16,74,S/D,S/D
2014,10/10/2014,1,28,6,57,S/D,S/D
2014,11/10/2014,1,33,16,67,0,18
2014,12/10/2014,1,28,13,46,0,2
2014,13/10/2014,1,66,32,49,0,45
2014,14/10/2014,1,84,23,5,S/D,S/D
2014,15/10/2014,1,46,13,47,0,26
2014,16/10/2014,1,38,10,52,0,35
2014,17/10/2014,1,68,24,97,0,27
2014,18/10/2014,1,25,12,23,S/D,S/D
2014,19/10/2014,1,45,21,41,S/D,S/D
2014,20/10/2014,1,15,10,41,S/D,S/D
2014,21/10/2014,1,24,13,17,0,28
2014,22/10/2014,1,3,12,16,0,34
2014,23/10/2014,1,7,S/D,23,0,5
2014,24/10/2014,1,S/D,S/D,10,32,17
2014,25/10/2014,1,61,12,34,0,29
2014,26/10/2014,1,6,12,24,0,32
2014,27/10/2014,1,56,9,27,0,33
2014,28/10/2014,1,48,11,3,0,24
2014,29/10/2014,1,5,6,28,0,25
2014,30/10/2014,1,69,21,23,S/D,S/D
2014,31/10/2014,1,68,22,18,0,46
2014,01/11/2014,1,39,8,24,0,18
2014,02/11/2014,1,29,7,12,S/D,S/D
2014,03/11/2014,1,31,3,8,S/D,S/D
2014,04/11/2014,1,58,6,14,S/D,S/D
2014,05/11/2014,1,13,26,3,S/D,S/D
2014,06/11/2014,1,68,15,16,S/D,S/D
2014,07/11/2014,1,63,21,23,S/D,S/D
2014,08/11/2014,1,84,23,32,S/D,S/D
2014,09/11/2014,1,76,19,23,S/D,S/D
2014,10/11/2014,1,94,29,S/D,S/D,S/D
2014,11/11/2014,1,98,14,9,S/D,S/D
2014,12/11/2014,1,88,29,2,S/D,S/D
2014,13/11/2014,1,51,9,13,S/D,S/D
2014,14/11/2014,1,71,13,15,S/D,S/D
2014,15/11/2014,1,8,15,11,S/D,S/D
2014,16/11/2014,1,89,24,18,S/D,S/D
2014,17/11/2014,1,54,6,11,S/D,S/D
2014,18/11/2014,1,61,6,11,S/D,S/D
2014,19/11/2014,1,7,9,17,S/D,S/D
2014,20/11/2014,1,3,27,23,S/D,S/D
2014,21/11/2014,1,6,6,9,S/D,S/D
2014,22/11/2014,1,5,11,18,S/D,S/D
2014,23/11/2014,1,69,13,8,S/D,S/D
2014,24/11/2014,1,5,7,5,S/D,S/D
2014,25/11/2014,1,53,6,12,S/D,S/D
2014,26/11/2014,1,45,12,8,S/D,S/D
2014,27/11/2014,1,69,21,8,S/D,S/D
2014,28/11/2014,1,63,8,1,S/D,S/D
2014,29/11/2014,1,53,6,5,S/D,S/D
2014,30/11/2014,1,63,13,14,S/D,S/D
2014,01/12/2014,1,36,5,11,S/D,S/D
2014,02/12/2014,1,41,14,43,S/D,S/D
2014,03/12/2014,1,73,23,13,S/D,S/D
2014,04/12/2014,1,8,33,3,S/D,S/D
2014,05/12/2014,1,84,13,49,S/D,S/D
2014,06/12/2014,1,75,11,23,S/D,S/D
2014,07/12/2014,1,73,20,42,S/D,S/D
2014,08/12/2014,1,88,20,42,S/D,S/D
2014,09/12/2014,1,79,25,36,S/D,S/D
2014,10/12/2014,1,83,16,41,S/D,S/D
2014,11/12/2014,1,54,18,36,S/D,S/D
2014,12/12/2014,1,44,10,17,S/D,S/D
2014,13/12/2014,1,51,15,19,S/D,S/D
2014,14/12/2014,1,44,8,17,S/D,S/D
2014,15/12/2014,1,21,5,1,S/D,S/D
2014,16/12/2014,1,43,9,33,S/D,S/D
2014,17/12/2014,1,5,16,35,S/D,S/D
2014,18/12/2014,1,38,20,S/D,S/D,S/D
2014,19/12/2014,1,45,20,38,S/D,S/D
2014,20/12/2014,1,S/D,S/D,13,S/D,S/D
2014,21/12/2014,1,S/D,S/D,19,S/D,S/D
2014,22/12/2014,1,S/D,S/D,15,S/D,S/D
2014,23/12/2014,1,S/D,S/D,23,S/D,S/D
2014,24/12/2014,1,15,S/D,9,S/D,S/D
2014,25/12/2014,1,63,6,17,S/D,S/D
2014,26/12/2014,1,64,8,28,S/D,S/D
2014,27/12/2014,1,8,12,26,S/D,S/D
2014,28/12/2014,1,86,20,32,S/D,S/D
2014,29/12/2014,1,83,10,31,S/D,S/D
2014,30/12/2014,1,85,20,31,S/D,S/D
2014,31/12/2014,1,84,28,29,S/D,S/D
2015,01/01/2015,1,99,17,99,0,99
2015,02/01/2015,1,6,S/D,S/D,S/D,S/D
2015,03/01/2015,1,20,S/D,S/D,S/D,S/D
2015,04/01/2015,1,16,S/D,S/D,S/D,S/D
2015,05/01/2015,1,10,S/D,S/D,S/D,S/D
2015,06/01/2015,1,12,S/D,S/D,S/D,S/D
2015,07/01/2015,1,16,S/D,S/D,S/D,S/D
2015,08/01/2015,1,8,S/D,S/D,S/D,S/D
2015,09/01/2015,1,7,S/D,S/D,S/D,S/D
2015,10/01/2015,1,12,S/D,S/D,S/D,S/D
2015,11/01/2015,1,13,S/D,S/D,S/D,S/D
2015,12/01/2015,1,23,S/D,S/D,S/D,S/D
2015,13/01/2015,1,31,9,31,0,31
2015,14/01/2015,1,2,9,2,0,2
2015,15/01/2015,1,24,9,24,0,24
2015,16/01/2015,1,27,12,27,0,27
2015,17/01/2015,1,52,18,52,0,52
2015,18/01/2015,1,18,10,18,0,18
2015,19/01/2015,1,39,12,39,0,39
2015,20/01/2015,1,2,7,2,0,2
2015,21/01/2015,1,17,14,17,0,17
2015,22/01/2015,1,22,9,22,0,22
2015,23/01/2015,1,25,7,25,0,25
2015,24/01/2015,1,18,9,18,0,18
2015,25/01/2015,1,28,9,28,0,28
2015,26/01/2015,1,35,17,35,0,35
2015,27/01/2015,1,36,11,36,0,36
2015,28/01/2015,1,33,9,33,0,33
2015,29/01/2015,1,19,11,19,0,19
2015,30/01/2015,1,18,14,18,0,18
2015,31/01/2015,1,23,11,23,0,23
2015,01/02/2015,1,23,10,23,0,23
2015,02/02/2015,1,19,9,19,0,19
2015,03/02/2015,1,17,8,17,0,17
2015,04/02/2015,1,19,7,19,0,19
2015,05/02/2015,1,21,11,21,0,21
2015,06/02/2015,1,31,10,31,0,31
2015,07/02/2015,1,26,9,26,0,26
2015,08/02/2015,1,22,10,22,0,22
2015,09/02/2015,1,26,15,26,0,26
2015,10/02/2015,1,14,15,14,0,14
2015,11/02/2015,1,28,21,28,0,28
2015,12/02/2015,1,37,23,37,0,37
2015,13/02/2015,1,15,10,15,0,15
2015,14/02/2015,1,14,8,14,0,14
2015,15/02/2015,1,18,8,18,0,18
2015,16/02/2015,1,14,11,14,0,14
2015,17/02/2015,1,18,14,18,0,18
2015,18/02/2015,1,18,10,18,0,18
2015,19/02/2015,1,24,12,24,0,24
2015,20/02/2015,1,8,9,8,0,8
2015,21/02/2015,1,14,11,14,0,14
2015,22/02/2015,1,18,9,18,0,18
2015,23/02/2015,1,19,10,19,0,19
2015,24/02/2015,1,2,15,2,0,2
2015,25/02/2015,1,2,16,2,0,2
2015,26/02/2015,1,15,8,15,0,15
2015,27/02/2015,1,19,10,19,0,19
2015,28/02/2015,1,14,12,14,0,14
2015,01/03/2015,1,17,10,17,0,17
2015,02/03/2015,1,43,14,43,0,43
2015,03/03/2015,1,36,18,36,0,36
2015,04/03/2015,1,23,10,23,0,23
2015,05/03/2015,1,12,S/D,12,0,12
2015,06/03/2015,1,27,8,27,0,27
2015,07/03/2015,1,31,13,31,0,31
2015,08/03/2015,1,37,15,37,0,37
2015,09/03/2015,1,27,9,27,0,27
2015,10/03/2015,1,27,10,27,0,27
2015,11/03/2015,1,3,11,3,0,3
2015,12/03/2015,1,41,11,41,0,41
2015,13/03/2015,1,38,16,38,0,38
2015,14/03/2015,1,48,19,48,0,48
2015,15/03/2015,13,19,10,19,0,19
2015,16/03/2015,1,23,9,23,0,23
2015,17/03/2015,1,27,12,27,0,27
2015,18/03/2015,1,33,13,33,0,33
2015,19/03/2015,1,24,15,24,0,24
2015,20/03/2015,1,32,20,32,0,32
2015,21/03/2015,1,19,7,19,0,19
2015,22/03/2015,1,26,8,26,0,26
2015,23/03/2015,1,25,14,25,0,25
2015,24/03/2015,1,33,13,33,0,33
2015,25/03/2015,1,23,16,23,0,23
2015,26/03/2015,1,41,19,41,0,41
2015,27/03/2015,1,41,15,41,0,41
2015,28/03/2015,1,33,13,33,0,33
2015,29/03/2015,1,33,20,33,0,33
2015,30/03/2015,1,37,21,37,0,37
2015,31/03/2015,1,51,16,51,0,51
2015,01/04/2015,1,22,12,22,0,22
2015,02/04/2015,1,55,24,55,0,55
2015,03/04/2015,1,52,25,52,0,52
2015,04/04/2015,1,59,24,59,0,59
2015,05/04/2015,1,28,19,28,0,28
2015,06/04/2015,1,19,8,19,0,19
2015,07/04/2015,1,23,20,23,0,23
2015,08/04/2015,1,23,11,23,0,23
2015,09/04/2015,1,28,17,28,0,28
2015,10/04/2015,1,58,20,58,0,58
2015,11/04/2015,1,51,12,51,0,51
2015,12/04/2015,1,2,10,2,0,2
2015,13/04/2015,1,3,16,3,0,3
2015,14/04/2015,1,41,23,41,0,41
2015,15/04/2015,13,29,14,29,0,29
2015,16/04/2015,1,25,5,25,0,25
2015,17/04/2015,1,35,9,35,0,35
2015,18/04/2015,1,37,13,37,0,37
2015,19/04/2015,1,44,21,44,0,44
2015,20/04/2015,1,49,18,49,0,49
2015,21/04/2015,1,3,18,3,0,3
2015,22/04/2015,1,61,23,61,0,61
2015,23/04/2015,1,62,37,62,0,62
2015,24/04/2015,1,61,27,61,0,61
2015,25/04/2015,1,87,23,87,0,87
2015,26/04/2015,1,57,22,57,0,57
2015,27/04/2015,1,48,27,48,0,48
2015,28/04/2015,1,29,10,29,0,29
2015,29/04/2015,1,3,6,3,0,3
2015,30/04/2015,1,27,9,27,0,27
2015,01/05/2015,1,25,19,25,0,25
2015,02/05/2015,1,22,16,22,0,22
2015,03/05/2015,1,15,9,15,0,15
2015,04/05/2015,1,2,18,2,0,2
2015,05/05/2015,1,67,21,67,0,67
2015,06/05/2015,1,51,26,51,0,51
2015,07/05/2015,1,17,21,17,0,17
2015,08/05/2015,1,23,24,23,0,23
2015,09/05/2015,1,33,21,33,0,33
2015,10/05/2015,1,18,16,18,0,18
2015,11/05/2015,1,15,15,15,0,15
2015,12/05/2015,1,21,14,21,0,21
2015,13/05/2015,1,19,20,19,0,19
2015,14/05/2015,1,28,16,28,0,28
2015,15/05/2015,1,25,21,25,0,25
2015,16/05/2015,1,57,19,57,0,57
2015,17/05/2015,1,32,13,32,0,32
2015,18/05/2015,1,28,12,28,0,28
2015,19/05/2015,1,28,11,28,0,28
2015,20/05/2015,1,43,12,43,0,43
2015,21/05/2015,1,4,13,4,0,4
2015,22/05/2015,1,19,28,28,28,S/D
2015,23/05/2015,1,62,14,62,0,62
2015,24/05/2015,1,24,14,24,0,24
2015,25/05/2015,1,71,30,71,0,71
2015,26/05/2015,1,86,37,86,0,86
2015,27/05/2015,1,31,20,31,0,31
2015,28/05/2015,1,24,18,24,0,24
2015,29/05/2015,1,33,22,33,0,33
2015,30/05/2015,1,55,24,55,0,55
2015,31/05/2015,1,54,21,54,0,54
2015,01/06/2015,1,41,19,41,0,41
2015,02/06/2015,1,49,10,49,0,49
2015,03/06/2015,1,41,9,41,0,41
2015,04/06/2015,1,89,25,89,0,89
2015,05/06/2015,1,39,21,39,0,39
2015,06/06/2015,1,97,18,97,0,97
2015,07/06/2015,1,5,24,5,0,5
2015,08/06/2015,1,6,23,6,0,6
2015,09/06/2015,1,24,13,24,0,24
2015,10/06/2015,1,29,21,29,0,29
2015,11/06/2015,1,46,18,46,0,46
2015,12/06/2015,1,4,25,4,0,4
2015,13/06/2015,1,57,25,57,0,57
2015,14/06/2015,1,47,20,47,0,47
2015,15/06/2015,1,23,11,23,0,23
2015,16/06/2015,1,42,19,42,0,42
2015,17/06/2015,1,6,18,6,0,6
2015,18/06/2015,1,14,11,14,0,14
2015,19/06/2015,1,43,37,43,0,43
2015,20/06/2015,1,13,34,34,34,S/D
2015,21/06/2015,1,25,25,25,25,S/D
2015,22/06/2015,1,30,46,46,46,S/D
2015,23/06/2015,1,20,44,44,44,S/D
2015,24/06/2015,1,15,16,15,0,15
2015,25/06/2015,1,16,21,16,0,16
2015,26/06/2015,1,29,13,29,0,29
2015,27/06/2015,1,43,18,43,0,43
2015,28/06/2015,1,38,21,38,0,38
2015,29/06/2015,1,3,21,3,0,3
2015,30/06/2015,1,5,17,5,0,5
2015,01/07/2015,1,23,23,23,0,23
2015,02/07/2015,1,19,16,19,0,19
2015,03/07/2015,1,25,22,25,0,25
2015,04/07/2015,1,29,11,29,0,29
2015,05/07/2015,1,51,17,51,0,51
2015,06/07/2015,1,48,11,48,0,48
2015,07/07/2015,1,49,34,49,1,49
2015,08/07/2015,1,35,78,78,78,1
2015,09/07/2015,1,72,19,72,0,72
2015,10/07/2015,1,65,17,65,0,65
2015,11/07/2015,1,54,20,54,0,54
2015,12/07/2015,1,63,16,63,0,63
2015,13/07/2015,1,78,8,78,0,78
2015,14/07/2015,1,54,18,54,0,54
2015,15/07/2015,1,55,26,55,0,55
2015,16/07/2015,1,28,22,28,0,28
2015,17/07/2015,1,24,26,24,0,24
2015,18/07/2015,1,34,14,34,0,34
2015,19/07/2015,1,45,16,45,0,45
2015,20/07/2015,1,13,17,13,0,13
2015,21/07/2015,1,18,28,18,0,18
2015,22/07/2015,1,33,23,33,0,33
2015,23/07/2015,1,52,32,52,0,52
2015,24/07/2015,1,31,30,30,30,S/D
2015,25/07/2015,1,24,24,24,0,24
2015,26/07/2015,1,39,18,39,0,39
2015,27/07/2015,1,3,9,3,0,3
2015,28/07/2015,1,13,16,16,16,S/D
2015,29/07/2015,1,7,22,7,0,7
2015,30/07/2015,1,14,33,33,33,S/D
2015,31/07/2015,1,21,11,21,0,21
2015,01/08/2015,1,33,19,33,0,33
2015,02/08/2015,1,25,25,25,0,25
2015,03/08/2015,1,33,20,33,0,33
2015,04/08/2015,1,56,33,56,0,56
2015,05/08/2015,1,22,12,22,0,22
2015,06/08/2015,1,27,17,27,0,27
2015,07/08/2015,1,21,15,15,15,S/D
2015,08/08/2015,1,12,S/D,S/D,S/D,S/D
2015,09/08/2015,1,19,33,33,33,S/D
2015,10/08/2015,1,8,34,34,34,S/D
2015,11/08/2015,1,24,18,18,18,S/D
2015,12/08/2015,1,27,21,27,0,27
2015,13/08/2015,1,13,8,13,0,13
2015,14/08/2015,1,22,9,22,0,22
2015,15/08/2015,1,27,10,27,0,27
2015,16/08/2015,1,94,28,94,0,94
2015,17/08/2015,1,24,19,24,0,24
2015,18/08/2015,1,41,17,41,0,41
2015,19/08/2015,1,22,13,22,0,22
2015,20/08/2015,1,24,20,24,0,24
2015,21/08/2015,1,24,12,24,0,24
2015,22/08/2015,1,36,12,36,0,36
2015,23/08/2015,1,23,13,23,0,23
2015,24/08/2015,1,19,12,19,0,19
2015,25/08/2015,1,28,10,28,0,28
2015,26/08/2015,1,33,11,33,0,33
2015,27/08/2015,1,47,13,47,0,47
2015,28/08/2015,1,32,27,27,27,S/D
2015,29/08/2015,1,23,27,27,27,S/D
2015,30/08/2015,1,29,49,49,49,S/D
2015,31/08/2015,1,16,31,31,31,S/D
2015,01/09/2015,1,6,44,44,44,S/D
2015,02/09/2015,1,10,32,32,32,S/D
2015,03/09/2015,1,24,34,34,34,S/D
2015,04/09/2015,1,4,33,4,0,4
2015,05/09/2015,1,5,28,5,0,5
2015,06/09/2015,1,33,19,33,0,33
2015,07/09/2015,1,2,8,2,0,2
2015,08/09/2015,1,15,18,18,18,S/D
2015,09/09/2015,1,25,38,38,38,S/D
2015,10/09/2015,1,17,23,17,0,17
2015,11/09/2015,1,25,22,25,0,25
2015,12/09/2015,1,32,25,32,0,32
2015,13/09/2015,1,38,32,38,0,38
2015,14/09/2015,1,6,36,6,0,6
2015,15/09/2015,1,28,13,28,0,28
2015,16/09/2015,1,13,7,13,0,13
2015,17/09/2015,1,2,20,2,0,2
2015,18/09/2015,1,31,28,31,0,31
2015,19/09/2015,1,26,14,26,0,26
2015,20/09/2015,1,28,14,28,0,28
2015,21/09/2015,1,18,7,18,0,18
2015,22/09/2015,1,24,16,24,0,24
2015,23/09/2015,1,19,8,19,0,19
2015,24/09/2015,1,26,10,26,0,26
2015,25/09/2015,1,22,11,22,0,22
2015,26/09/2015,1,24,11,24,0,24
2015,27/09/2015,1,36,24,36,0,36
2015,28/09/2015,1,41,23,41,0,41
2015,29/09/2015,1,37,18,37,0,37
2015,30/09/2015,1,15,18,15,0,15
2015,01/10/2015,1,23,12,23,0,23
2015,02/10/2015,1,26,10,26,0,26
2015,03/10/2015,1,15,10,15,0,15
2015,04/10/2015,1,2,15,2,0,2
2015,05/10/2015,1,19,8,19,0,19
2015,06/10/2015,1,19,23,19,0,19
2015,07/10/2015,1,18,9,18,0,18
2015,08/10/2015,1,15,20,20,20,S/D
2015,09/10/2015,1,21,10,21,0,21
2015,10/10/2015,1,16,13,16,0,16
2015,11/10/2015,1,16,12,16,0,16
2015,12/10/2015,1,21,20,21,0,21
2015,13/10/2015,1,24,18,24,0,24
2015,14/10/2015,1,2,8,2,0,2
2015,15/10/2015,1,27,22,27,0,27
2015,16/10/2015,1,16,11,16,0,16
2015,17/10/2015,1,13,17,13,0,13
2015,18/10/2015,1,18,14,18,0,18
2016,01/01/2016,1,3,3,55,0,25
2016,02/01/2016,1,24,6,53,0,23
2016,03/01/2016,13,23,4,39,0,19
2016,04/01/2016,1,3,8,S/D,25,2
2016,05/01/2016,1,55,17,78,0,39
2016,06/01/2016,1,25,7,68,0,19
2016,07/01/2016,1,21,14,59,0,18
2016,08/01/2016,1,2,8,62,0,12
2016,09/01/2016,1,45,22,66,0,18
2016,10/01/2016,1,25,12,56,0,8
2016,11/01/2016,1,46,21,81,0,17
2016,12/01/2016,1,51,16,73,0,19
2016,13/01/2016,1,55,19,86,0,35
2016,14/01/2016,1,49,14,58,0,27
2016,15/01/2016,1,76,28,43,0,47
2016,16/01/2016,1,4,7,37,0,22
2016,17/01/2016,1,58,14,63,0,3
2016,18/01/2016,1,66,23,62,S/D,S/D
2016,19/01/2016,1,39,5,36,0,23
2016,20/01/2016,1,46,11,52,0,27
2016,21/01/2016,1,54,10,42,0,32
2016,22/01/2016,1,56,17,52,0,32
2016,23/01/2016,1,67,8,6,0,59
2016,24/01/2016,1,23,4,33,0,24
2016,25/01/2016,1,36,8,49,0,34
2016,26/01/2016,1,28,16,63,0,2
2016,27/01/2016,1,18,19,59,0,16
2016,28/01/2016,1,2,9,42,0,23
2016,29/01/2016,1,28,6,55,0,24
2016,30/01/2016,1,41,20,82,0,3
2016,31/01/2016,1,31,23,55,0,27
2016,02/02/2016,13,18,18,36,S/D,8
2016,03/02/2016,1,25,8,42,0,26
2016,04/02/2016,1,29,19,57,0,33
2016,05/02/2016,1,3,10,7,0,4
2016,06/02/2016,1,44,11,51,0,39
2016,07/02/2016,1,43,10,S/D,4,8
2016,08/02/2016,1,43,6,S/D,42,9
2016,11/02/2016,13,35,18,32,0,38
2016,12/02/2016,1,56,32,79,0,42
2016,13/02/2016,1,6,10,69,0,52
2016,14/02/2016,1,53,20,93,0,39
2016,15/02/2016,1,6,29,49,0,59
2016,16/02/2016,1,18,41,17,46,14
2016,17/02/2016,1,13,18,11,S/D,17
2016,18/02/2016,1,21,23,20,51,16
2016,19/02/2016,1,S/D,S/D,16,42,8
2016,20/02/2016,1,16,S/D,17,38,7
2016,21/02/2016,1,12,21,15,37,7
2016,22/02/2016,1,15,18,14,4,7
2016,23/02/2016,1,11,20,13,42,6
2016,24/02/2016,1,10,26,12,44,4
2016,25/02/2016,1,17,38,20,41,13
2016,26/02/2016,1,7,23,13,4,7
2016,27/02/2016,1,8,20,12,47,7
2016,28/02/2016,1,19,27,17,44,13
2016,29/02/2016,1,25,32,26,52,18
2016,01/03/2016,1,10,32,10,35,6
2016,02/03/2016,1,6,14,6,29,5
2016,03/03/2016,1,7,16,10,33,6
2016,04/03/2016,1,8,22,10,38,7
2016,05/03/2016,1,16,29,20,63,11
2016,06/03/2016,1,11,23,15,3,7
2016,07/03/2016,1,15,29,18,37,12
2016,08/03/2016,1,13,32,12,S/D,21
2016,09/03/2016,1,17,22,18,54,13
2016,10/03/2016,1,6,39,10,33,4
2016,11/03/2016,1,14,31,16,S/D,19
2016,12/03/2016,1,19,31,17,46,10
2016,13/03/2016,1,10,32,13,32,7
2016,14/03/2016,1,21,25,17,39,13
2016,15/03/2016,1,21,28,18,44,9
2016,16/03/2016,1,15,23,15,39,11
2016,17/03/2016,1,21,25,20,43,10
2016,18/03/2016,1,85,14,68,0,35
2016,19/03/2016,1,49,9,76,0,28
2016,20/03/2016,1,35,8,49,0,24
2016,21/03/2016,1,35,17,42,S/D,S/D
2016,22/03/2016,1,44,14,68,0,35
2016,23/03/2016,1,64,21,33,0,6
2016,24/03/2016,1,9,22,44,0,56
2016,26/03/2016,13,2,7,45,0,29
2016,27/03/2016,1,26,13,48,0,29
2016,28/03/2016,1,3,9,72,0,27
2016,29/03/2016,1,81,25,24,S/D,S/D
2016,30/03/2016,1,51,19,41,S/D,S/D
2016,31/03/2016,1,36,15,48,0,32
2016,01/04/2016,1,36,13,1,0,36
2016,02/04/2016,1,35,7,57,0,35
2016,03/04/2016,1,5,12,14,0,38
2016,04/04/2016,1,21,12,55,0,25
2016,05/04/2016,1,36,12,55,0,35
2016,06/04/2016,1,49,10,99,0,27
2016,07/04/2016,1,46,13,96,0,8
2016,08/04/2016,1,41,14,76,0,9
2016,09/04/2016,1,41,9,8,0,9
2016,10/04/2016,1,39,10,7,0,5
2016,11/04/2016,1,21,8,54,9992,5
2016,12/04/2016,1,31,14,57,0,6
2016,13/04/2016,1,35,9,5,0,8
2016,14/04/2016,1,6,16,86,0,56
2016,15/04/2016,1,76,13,95,0,2
2016,16/04/2016,1,73,19,63,0,52
2016,17/04/2016,1,39,14,71,S/D,S/D
2016,18/04/2016,1,28,15,48,S/D,S/D
2016,19/04/2016,1,39,12,77,0,23
2016,20/04/2016,1,71,18,1,0,38
2016,21/04/2016,1,29,28,98,0,76
2016,22/04/2016,1,56,18,29,0,25
2016,23/04/2016,1,46,10,55,0,24
2016,24/04/2016,1,44,13,92,0,52
2016,25/04/2016,1,38,6,7,0,21
2016,26/04/2016,1,45,10,84,0,23
2016,27/04/2016,1,41,12,82,0,18
2016,28/04/2016,1,58,15,79,0,27
2016,29/04/2016,1,91,21,S/D,45,16
2016,30/04/2016,1,6,20,29,0,22
2016,01/05/2016,1,56,23,51,0,32
2016,02/05/2016,1,68,21,61,0,39
2016,03/05/2016,1,7,11,88,0,45
2016,04/05/2016,1,51,21,93,0,33
2016,05/05/2016,1,6,31,14,0,67
2016,06/05/2016,1,5,15,8,0,26
2016,07/05/2016,1,41,20,69,0,21
2016,08/05/2016,1,41,14,68,0,2
2016,09/05/2016,1,49,17,65,0,24
2016,10/05/2016,1,59,21,88,0,25
2016,11/05/2016,1,43,11,7,0,19
2016,12/05/2016,1,45,20,93,0,19
2016,13/05/2016,13,84,20,92,0,36
2016,14/05/2016,1,49,16,71,0,26
2016,15/05/2016,1,59,14,71,0,28
2016,16/05/2016,1,39,11,78,0,21
2016,17/05/2016,1,46,15,20,21,10
2016,18/05/2016,1,58,17,11,0,3
2016,19/05/2016,1,94,24,93,0,51
2016,20/05/2016,1,48,16,77,0,25
2016,21/05/2016,1,74,20,76,0,4
2016,22/05/2016,1,93,27,68,0,63
2016,23/05/2016,1,79,18,11,0,5
2016,24/05/2016,1,63,18,63,0,36
2016,25/05/2016,1,59,15,69,0,36
2016,26/05/2016,1,56,22,78,0,27
2016,27/05/2016,1,49,13,2,S/D,12
2016,28/05/2016,1,4,15,75,0,19
2016,29/05/2016,1,35,9,6,0,14
2016,30/05/2016,1,66,11,5,0,32
2016,31/05/2016,1,43,7,67,0,28
2016,01/06/2016,1,39,9,64,0,24
2016,02/06/2016,1,56,14,77,0,31
2016,03/06/2016,1,74,20,45,0,3
2016,04/06/2016,1,16,23,83,0,62
2016,05/06/2016,1,64,13,86,0,3
2016,06/06/2016,1,79,25,84,0,59
2016,07/06/2016,1,5,10,76,0,36
2016,08/06/2016,1,53,13,73,0,25
2016,09/06/2016,1,91,26,37,0,5
2016,10/06/2016,1,68,11,52,0,3
2016,11/06/2016,1,56,17,99,0,3
2016,12/06/2016,1,74,19,13,0,4
2016,13/06/2016,1,9,25,79,0,49
2016,14/06/2016,1,75,21,8,0,41
2016,15/06/2016,1,81,19,2,0,29
2016,16/06/2016,1,49,30,51,0,41
2016,17/06/2016,1,24,28,2,0,69
2016,18/06/2016,1,58,29,2,1,19
2016,19/06/2016,1,38,26,72,S/D,19
2016,20/06/2016,1,74,20,13,S/D,8
2016,21/06/2016,1,29,12,66,S/D,5
2016,22/06/2016,1,65,23,16,0,22
2016,23/06/2016,1,79,26,32,0,41
2016,24/06/2016,1,73,14,11,0,2
2016,25/06/2016,1,73,19,23,0,24
2016,26/06/2016,1,34,10,79,0,22
2016,27/06/2016,1,29,11,42,0,1
2016,28/06/2016,1,6,10,71,0,39
2016,29/06/2016,1,61,16,7,0,34
2016,30/06/2016,1,98,17,13,0,39
2016,01/07/2016,1,84,12,28,0,4
2016,02/07/2016,1,3,12,33,0,59
2016,03/07/2016,1,58,19,69,0,23
2016,04/07/2016,1,45,15,8,0,2
2016,05/07/2016,1,44,10,91,0,15
2016,06/07/2016,1,6,17,16,28,9
2016,07/07/2016,1,88,21,19,46,11
2016,08/07/2016,1,20,37,21,1,14
2016,09/07/2016,1,12,24,14,39,6
2016,10/07/2016,1,16,15,17,41,7
2016,11/07/2016,1,13,13,8,23,7
2016,12/07/2016,1,12,20,13,49,9
2016,13/07/2016,1,21,28,20,6,10
2016,14/07/2016,1,14,27,9,2,7
2016,15/07/2016,1,13,19,S/D,9,27
2016,16/07/2016,1,10,23,7,37,5
2016,17/07/2016,1,16,15,14,21,4
2016,18/07/2016,1,24,24,22,28,8
2016,19/07/2016,1,16,36,12,16,7
2016,20/07/2016,1,22,26,13,19,5
2016,21/07/2016,1,54,18,74,0,25
2016,22/07/2016,1,73,19,6,0,45
2016,23/07/2016,1,5,15,55,0,35
2016,24/07/2016,1,68,15,81,0,77
2016,25/07/2016,1,2,8,42,0,14
2016,26/07/2016,1,43,17,64,0,23
2016,27/07/2016,1,35,11,68,0,16
2016,28/07/2016,1,63,26,92,0,27
2016,29/07/2016,1,43,24,64,0,28
2016,30/07/2016,1,58,19,68,0,26
2016,31/07/2016,1,5,20,76,0,29
2016,01/08/2016,1,34,9,77,0,19
2016,02/08/2016,1,71,23,22,0,52
2016,03/08/2016,1,21,34,15,21,4
2016,04/08/2016,1,10,20,13,19,7
2016,05/08/2016,1,20,32,22,39,9
2016,06/08/2016,1,23,65,29,9,11
2016,07/08/2016,1,24,43,26,7,13
2016,08/08/2016,1,22,22,15,32,12
2016,09/08/2016,1,23,33,23,84,11
2016,10/08/2016,1,31,35,26,65,19
2016,11/08/2016,1,17,21,15,29,9
2016,12/08/2016,1,18,19,13,43,11
2016,13/08/2016,1,19,38,14,54,13
2016,14/08/2016,1,23,49,26,59,10
2016,15/08/2016,1,24,33,21,26,9
2016,16/08/2016,1,22,43,S/D,12,35
2016,17/08/2016,1,14,50,S/D,7,67
2016,18/08/2016,1,46,21,46,0,22
2016,19/08/2016,1,84,32,66,0,56
2016,20/08/2016,1,81,23,24,0,4
2016,21/08/2016,1,33,13,56,0,15
2016,22/08/2016,1,51,18,36,0,26
2016,23/08/2016,1,76,24,58,0,47
2016,24/08/2016,1,79,18,45,0,43
2016,25/08/2016,1,S/D,S/D,21,29,S/D
2016,26/08/2016,1,S/D,S/D,31,33,S/D
2016,27/08/2016,1,78,40,88,0,32
2016,28/08/2016,1,34,16,47,0,16
2016,29/08/2016,1,35,11,56,0,13
2016,30/08/2016,1,4,21,65,0,14
2016,01/09/2016,1,S/D,S/D,20,18,10
2016,02/09/2016,1,S/D,S/D,21,17,S/D
2016,03/09/2016,1,79,24,64,0,2
2016,04/09/2016,1,74,16,45,0,18
2016,05/09/2016,13,85,18,76,0,22
2016,06/09/2016,1,84,7,66,0,2
2016,07/09/2016,1,84,8,47,0,18
2016,08/09/2016,1,75,16,27,0,32
2016,09/09/2016,1,69,15,47,0,41
2016,10/09/2016,1,33,28,77,0,74
2016,11/09/2016,1,76,20,8,0,36
2016,12/09/2016,1,58,10,63,0,3
2016,13/09/2016,1,65,9,84,0,33
2016,14/09/2016,1,43,5,48,0,52
2016,15/09/2016,1,64,12,5,0,16
2016,16/09/2016,1,3,29,61,0,52
2016,17/09/2016,1,61,17,55,0,51
2016,18/09/2016,1,65,16,21,35,12
2016,19/09/2016,1,43,11,55,0,2
2016,20/09/2016,1,8,9,95,0,32
2016,21/09/2016,1,71,13,74,0,35
2016,22/09/2016,1,79,14,83,0,37
2016,23/09/2016,1,5,6,7,0,44
2016,24/09/2016,1,5,17,11,0,24
2016,25/09/2016,1,98,32,9,0,76
2016,26/09/2016,1,43,22,58,S/D,S/D
2016,27/09/2016,1,64,17,77,0,35
2016,28/09/2016,1,74,15,89,0,33
2016,29/09/2016,1,2,9,56,0,23
2016,30/09/2016,1,26,8,52,0,21
2016,01/10/2016,1,S/D,S/D,22,25,9
2016,02/10/2016,1,S/D,S/D,22,25,9
2016,03/10/2016,1,S/D,S/D,21,23,11
2016,04/10/2016,1,25,7,59,0,24
2016,05/10/2016,1,6,6,59,0,24
2016,06/10/2016,1,84,10,4,0,22
2016,07/10/2016,1,93,11,9,0,22
2016,08/10/2016,1,4,17,93,0,31
2016,09/10/2016,1,35,27,86,0,42
2016,10/10/2016,1,11,20,58,0,42
2016,11/10/2016,1,13,20,83,0,32
2016,12/10/2016,1,13,27,16,0,32
2016,13/10/2016,1,29,16,3,0,49
2016,14/10/2016,1,3,14,92,S/D,S/D
2016,15/10/2016,1,53,16,14,S/D,S/D
2016,16/10/2016,1,S/D,S/D,18,S/D,27
2016,17/10/2016,1,S/D,S/D,13,S/D,24
2016,18/10/2016,1,25,7,98,0,17
2016,19/10/2016,1,4,7,17,0,29
2016,20/10/2016,1,38,7,19,0,2
2016,21/10/2016,1,64,12,79,0,22
2016,22/10/2016,1,61,16,9,0,3
2016,23/10/2016,1,51,12,81,0,24
2016,24/10/2016,1,6,12,7,0,24
2016,25/10/2016,1,49,8,73,0,24
2016,26/10/2016,1,51,12,86,0,26
2016,27/10/2016,1,5,7,75,0,18
2016,28/10/2016,1,29,7,13,0,13
2016,29/10/2016,1,56,17,15,0,28
2016,30/10/2016,1,6,11,75,0,29
2016,31/10/2016,1,45,20,77,0,27
2016,01/11/2016,1,69,26,94,0,39
2016,02/11/2016,1,S/D,21,12,23,4
2016,03/11/2016,1,71,18,3,0,39
2016,04/11/2016,1,54,17,55,0,31
2016,05/11/2016,1,54,19,95,0,2
2016,06/11/2016,1,68,21,51,0,36
2016,07/11/2016,1,1,36,33,48,20
2016,08/11/2016,1,44,6,88,0,25
2016,09/11/2016,1,53,9,68,0,23
2016,10/11/2016,1,53,20,7,0,19
2016,11/11/2016,1,51,6,77,0,17
2016,12/11/2016,1,66,14,69,0,21
2016,13/11/2016,1,67,S/D,53,0,29
2016,14/11/2016,1,S/D,S/D,20,43,16
2016,15/11/2016,1,73,26,65,0,43
2016,16/11/2016,1,39,13,S/D,23,8
2016,17/11/2016,1,54,7,76,0,24
2016,18/11/2016,1,53,5,26,0,24
2016,19/11/2016,1,64,6,45,0,32
2016,20/11/2016,1,68,5,41,0,39
2016,21/11/2016,1,61,2,6,0,27
2016,22/11/2016,1,58,4,2,0,26
2016,23/11/2016,1,S/D,S/D,37,42,20
2016,24/11/2016,1,S/D,S/D,25,36,17
2016,25/11/2016,1,74,6,7,0,31
2016,26/11/2016,1,8,6,8,0,29
2016,27/11/2016,1,S/D,S/D,22,47,10
2016,28/11/2016,1,S/D,S/D,21,37,8
2016,29/11/2016,1,S/D,S/D,19,33,13
2016,30/11/2016,1,58,6,74,0,25
2016,01/12/2016,1,64,6,71,0,17
2016,02/12/2016,1,81,9,1,0,34
2016,03/12/2016,1,14,10,72,0,54
2016,04/12/2016,1,63,6,58,0,26
2016,05/12/2016,1,64,5,54,0,27
2016,06/12/2016,1,83,8,2,0,26
2016,07/12/2016,1,S/D,S/D,21,26,19
2016,08/12/2016,1,S/D,S/D,32,51,25
2016,09/12/2016,1,S/D,S/D,12,19,5
2016,10/12/2016,1,S/D,S/D,16,37,17
2016,11/12/2016,1,S/D,S/D,18,3,15
2016,12/12/2016,1,S/D,S/D,16,26,9
2016,13/12/2016,1,S/D,S/D,13,26,4
2016,14/12/2016,1,S/D,S/D,12,16,3
2016,15/12/2016,1,S/D,S/D,22,19,11
2016,16/12/2016,1,4,S/D,16,26,5
2016,17/12/2016,1,54,5,83,0,45
2016,18/12/2016,1,58,6,74,0,43
2016,19/12/2016,1,38,5,76,S/D,8
2016,20/12/2016,1,S/D,S/D,30,15,34
2016,21/12/2016,1,46,6,71,S/D,11
2016,22/12/2016,1,83,8,75,S/D,15
2016,23/12/2016,1,89,5,25,S/D,10
2016,24/12/2016,1,26,S/D,87,S/D,31
2016,25/12/2016,1,83,S/D,73,S/D,4
2016,26/12/2016,1,4,S/D,97,S/D,11
2016,27/12/2016,1,73,S/D,82,S/D,26
2016,28/12/2016,1,76,S/D,71,S/D,7
2016,29/12/2016,1,91,S/D,73,S/D,5
2016,30/12/2016,1,S/D,S/D,22,5,33
2016,31/12/2016,1,63,S/D,7,S/D,3
2017,01/01/2017,1,7,S/D,81,S/D,2
2017,02/01/2017,1,49,S/D,71,S/D,5
2017,03/01/2017,1,53,4,75,S/D,6
2017,04/01/2017,1,86,S/D,7,6,36
2017,05/01/2017,1,93,S/D,2,S/D,S/D
2017,06/01/2017,1,59,S/D,8,0,7
2017,07/01/2017,1,79,S/D,19,0,38
2017,08/01/2017,1,77,S/D,33,0,71
2017,09/01/2017,1,72,S/D,57,0,82
2017,10/01/2017,1,78,S/D,55,0,78
2017,11/01/2017,1,68,S/D,29,0,69
2017,12/01/2017,1,7,S/D,21,0,81
2017,13/01/2017,1,56,S/D,12,74,13
2017,14/01/2017,1,35,S/D,32,0,59
2017,15/01/2017,1,33,S/D,41,0,33
2017,16/01/2017,1,34,S/D,27,0,5
2017,17/01/2017,1,45,S/D,75,0,5
2017,18/01/2017,1,71,S/D,69,0,56
2017,19/01/2017,1,44,S/D,4,0,5
2017,20/01/2017,1,6,S/D,41,0,64
2017,21/01/2017,1,64,31,6,0,7
2017,22/01/2017,13,47,10,14,0,61
2017,23/01/2017,1,51,S/D,35,0,66
2017,24/01/2017,1,58,13,53,0,44
2017,25/01/2017,1,78,13,18,52,14
2017,26/01/2017,1,44,8,65,0,25
2017,27/01/2017,1,5,15,69,0,27
2017,28/01/2017,1,69,19,52,0,7
2017,29/01/2017,1,7,19,19,19,9
2017,30/01/2017,1,63,18,S/D,71,4
2017,31/01/2017,1,64,28,95,0,78
2017,01/02/2017,1,6,13,59,0,94
2017,02/02/2017,1,5,17,4,1,1
2017,03/02/2017,1,5,17,4,1,1
2017,04/02/2017,1,6,12,18,0,86
2017,05/02/2017,1,68,16,86,S/D,S/D
2017,06/02/2017,1,46,7,6,S/D,S/D
2017,07/02/2017,1,7,21,1,1,6
2017,08/02/2017,1,25,11,84,1,2
2017,09/02/2017,1,24,17,88,0,41
2017,10/02/2017,1,38,20,13,0,53
2017,11/02/2017,1,32,19,99,0,48
2017,12/02/2017,1,22,13,82,0,71
2017,13/02/2017,1,21,10,2,1,42
2017,14/02/2017,13,3,15,3,S/D,12
2017,15/02/2017,1,71,20,74,0,54
2017,16/02/2017,1,56,22,8,0,33
2017,17/02/2017,1,36,16,13,0,48
2017,18/02/2017,13,15,16,S/D,64,16
2017,19/02/2017,1,43,23,S/D,64,21
2017,20/02/2017,1,3,13,S/D,57,16
2017,21/02/2017,1,37,33,16,0,69
2017,22/02/2017,1,45,26,S/D,57,11
2017,23/02/2017,1,85,36,35,1,24
2017,24/02/2017,1,52,38,88,0,38
2017,25/02/2017,1,44,10,98,0,35
2017,26/02/2017,1,49,26,77,0,48
2017,27/02/2017,1,49,10,65,0,58
2017,28/02/2017,1,63,16,24,34,S/D
2017,01/03/2017,1,51,18,71,0,37
2017,02/03/2017,1,53,21,9,S/D,S/D
2017,03/03/2017,1,5,14,76,S/D,S/D
2017,04/03/2017,1,S/D,S/D,26,S/D,18
2017,05/03/2017,1,S/D,S/D,23,S/D,28
2017,06/03/2017,1,S/D,S/D,17,S/D,27
2017,07/03/2017,1,S/D,S/D,18,S/D,32
2017,08/03/2017,1,S/D,S/D,8,S/D,35
2017,09/03/2017,1,S/D,S/D,11,74,10
2017,10/03/2017,1,S/D,S/D,14,15,9
2017,11/03/2017,1,S/D,S/D,24,67,25
2017,12/03/2017,1,S/D,S/D,12,27,31
2017,13/03/2017,1,S/D,S/D,18,26,19
2017,14/03/2017,1,S/D,S/D,24,32,34
2017,15/03/2017,1,S/D,S/D,S/D,15,40
2017,16/03/2017,1,S/D,S/D,17,18,15
2017,17/03/2017,1,S/D,S/D,21,54,17
2017,18/03/2017,1,S/D,S/D,13,2,14
2017,19/03/2017,1,S/D,S/D,12,97,9
2017,20/03/2017,1,S/D,S/D,9,63,12
2017,21/03/2017,1,S/D,S/D,8,11,31
2017,22/03/2017,1,S/D,S/D,11,98,9
2017,23/03/2017,1,S/D,S/D,15,12,39
2017,24/03/2017,1,S/D,S/D,27,15,27
2017,25/03/2017,1,S/D,S/D,21,11,36
2017,26/03/2017,1,S/D,S/D,11,11,29
2017,27/03/2017,1,S/D,S/D,10,7,22
2017,28/03/2017,1,S/D,S/D,7,57,4
2017,29/03/2017,1,78,18,6,0,68
2017,30/03/2017,1,67,18,72,0,66
2017,31/03/2017,1,92,17,4,0,79
2017,01/04/2017,1,65,20,78,0,65
2017,02/04/2017,1,58,20,64,0,61
2017,03/04/2017,1,73,17,95,0,79
2017,04/04/2017,1,67,17,89,0,81
2017,05/04/2017,1,28,31,65,1,18
2017,06/04/2017,1,6,15,11,0,45
2017,07/04/2017,1,42,7,75,0,5
2017,08/04/2017,1,17,S/D,15,76,15
2017,09/04/2017,1,12,S/D,10,66,9
2017,10/04/2017,1,13,15,12,6,7
2017,11/04/2017,1,11,S/D,14,53,14
2017,12/04/2017,1,56,16,9,0,41
2017,13/04/2017,1,79,22,92,0,67
2017,14/04/2017,1,57,14,79,0,51
2017,15/04/2017,1,51,13,64,S/D,S/D
2017,16/04/2017,1,62,16,84,S/D,S/D
2017,17/04/2017,1,58,12,79,S/D,S/D
2017,18/04/2017,1,23,S/D,24,5,S/D
2017,19/04/2017,1,14,S/D,9,29,17
2017,20/04/2017,1,14,S/D,16,34,13
2017,21/04/2017,1,22,S/D,23,35,22
2017,22/04/2017,1,19,S/D,24,19,24
2017,23/04/2017,1,23,S/D,23,38,19
2017,24/04/2017,1,11,S/D,14,23,21
2017,25/04/2017,1,30,S/D,30,37,18
2017,26/04/2017,1,7,S/D,11,44,14
2017,27/04/2017,1,15,S/D,20,43,15
2017,28/04/2017,1,22,S/D,25,73,20
2017,29/04/2017,1,23,S/D,27,7,24
2017,30/04/2017,1,1,26,97,0,87
2017,01/05/2017,1,3,27,98,1,33
2017,02/05/2017,1,28,15,19,0,71
2017,03/05/2017,1,27,29,56,0,6
2017,04/05/2017,1,94,11,18,0,58
2017,05/05/2017,1,68,26,34,0,9
2017,06/05/2017,1,69,12,53,0,62
2017,07/05/2017,1,42,9,77,0,47
2017,08/05/2017,1,95,15,41,0,74
2017,09/05/2017,1,4,10,31,0,46
2017,10/05/2017,1,7,13,74,0,56
2017,11/05/2017,1,43,19,35,0,43
2017,12/05/2017,1,38,16,3,0,49
2017,13/05/2017,1,6,16,44,0,59
2017,14/05/2017,1,62,13,32,0,57
2017,15/05/2017,1,79,24,19,0,6
2017,16/05/2017,1,4,22,26,0,86
2017,17/05/2017,1,71,23,98,0,49
2017,18/05/2017,1,6,13,81,0,44
2017,19/05/2017,1,73,9,86,0,54
2017,20/05/2017,1,67,10,59,0,49
2017,21/05/2017,1,68,11,56,0,5
2017,22/05/2017,1,11,19,82,0,87
2017,23/05/2017,1,96,22,81,0,46
2017,24/05/2017,1,15,16,4,0,62
2017,25/05/2017,1,2,19,99,0,33
2017,26/05/2017,1,99,17,92,S/D,S/D
2017,27/05/2017,1,27,15,33,0,47
2017,28/05/2017,1,2,23,71,0,39
2017,29/05/2017,1,9,20,88,0,52
2017,30/05/2017,1,39,24,38,0,69
2017,31/05/2017,1,11,23,29,S/D,34
2017,01/06/2017,1,44,25,41,0,68
2017,02/06/2017,1,48,32,34,1,23
2017,03/06/2017,1,56,19,64,0,54
2017,04/06/2017,1,9,17,1,0,98
2017,05/06/2017,1,81,17,13,0,85
2017,06/06/2017,1,41,35,29,1,15
2017,07/06/2017,1,91,25,73,0,67
2017,08/06/2017,1,68,19,57,0,77
2017,09/06/2017,1,69,15,24,0,58
2017,10/06/2017,1,81,18,77,0,74
2017,11/06/2017,1,59,28,44,1,68
2017,12/06/2017,1,59,23,83,0,17
2017,13/06/2017,1,24,26,95,0,79
2017,14/06/2017,1,95,20,4,0,73
2017,15/06/2017,1,63,9,64,0,54
2017,16/06/2017,1,76,10,82,0,64
2017,17/06/2017,1,6,16,82,S/D,S/D
2017,18/06/2017,1,51,17,73,S/D,S/D
2017,19/06/2017,1,49,8,3,S/D,S/D
2017,20/06/2017,1,51,31,22,1,15
2017,21/06/2017,1,64,10,57,0,17
2017,22/06/2017,1,88,12,12,0,72
2017,23/06/2017,1,96,13,45,0,81
2017,24/06/2017,1,6,25,83,0,88
2017,25/06/2017,1,93,15,77,0,63
2017,26/06/2017,1,75,11,63,0,66
2017,27/06/2017,1,65,9,54,0,54
2017,28/06/2017,1,57,10,84,0,39
2017,29/06/2017,1,87,18,31,0,58
2017,30/06/2017,1,78,17,86,1,4
2017,01/07/2017,1,23,30,47,0,67
2017,02/07/2017,1,73,19,67,0,62
2017,03/07/2017,1,43,8,62,0,46
2017,04/07/2017,1,51,9,4,0,6
2017,05/07/2017,1,52,9,45,0,57
2017,06/07/2017,1,7,21,82,0,81
2017,07/07/2017,1,52,18,2,0,44
2017,08/07/2017,1,66,22,89,0,76
2017,09/07/2017,1,53,12,66,0,63
2017,10/07/2017,1,73,16,21,S/D,15
2017,11/07/2017,1,69,16,49,0,55
2017,12/07/2017,1,48,18,69,0,57
2017,13/07/2017,1,67,7,55,0,86
2017,14/07/2017,1,75,5,26,0,81
2017,15/07/2017,1,44,8,59,0,38
2017,16/07/2017,1,38,6,56,0,3
2017,17/07/2017,1,43,9,43,0,3
2017,18/07/2017,1,23,S/D,31,73,39
2017,19/07/2017,1,81,20,63,0,76
2017,20/07/2017,1,87,19,76,0,76
2017,21/07/2017,1,95,32,25,1,7
2017,22/07/2017,1,68,25,84,0,53
2017,23/07/2017,1,7,20,79,0,76
2017,24/07/2017,1,72,13,24,0,57
2017,25/07/2017,1,59,24,1,0,45
2017,26/07/2017,1,45,13,7,0,27
2017,27/07/2017,1,95,21,27,0,61
2017,28/07/2017,1,82,14,58,0,69
2017,29/07/2017,1,92,20,66,0,82
2017,30/07/2017,1,77,9,21,0,53
2017,31/07/2017,1,38,12,31,0,23
2017,01/08/2017,1,54,17,68,0,33
2017,02/08/2017,1,61,24,91,0,34
2017,03/08/2017,1,91,23,92,0,68
2017,04/08/2017,1,8,34,31,72,43
2017,05/08/2017,1,78,18,78,0,53
2017,06/08/2017,1,67,13,52,0,41
2017,07/08/2017,1,86,19,7,0,51
2017,08/08/2017,1,71,9,2,0,42
2017,09/08/2017,1,44,9,61,0,19
2017,10/08/2017,1,49,8,58,0,39
2017,11/08/2017,1,58,7,86,0,4
2017,12/08/2017,1,83,16,94,1,49
2017,13/08/2017,1,71,19,89,0,48
2017,14/08/2017,1,7,24,68,0,55
2017,15/08/2017,1,6,29,96,0,71
2017,16/08/2017,1,7,26,6,0,61
2017,17/08/2017,1,92,28,75,0,87
2017,18/08/2017,1,27,33,28,30,48
2017,19/08/2017,1,92,25,S/D,84,31
2017,20/08/2017,1,66,21,S/D,39,22
2017,21/08/2017,1,69,24,S/D,52,35
2017,22/08/2017,1,48,9,S/D,3,13
2017,23/08/2017,1,61,12,S/D,46,10
2017,24/08/2017,1,76,16,15,18,30
2017,25/08/2017,1,64,23,43,25,40
2017,26/08/2017,1,71,7,24,2,35
2017,27/08/2017,1,63,13,97,0,27
2017,28/08/2017,1,47,9,76,0,26
2017,29/08/2017,1,83,17,96,0,51
2017,30/08/2017,1,4,7,61,0,23
2017,31/08/2017,1,56,25,19,0,46
2017,01/09/2017,1,52,20,27,0,48
2017,02/09/2017,1,76,17,72,0,9
2017,03/09/2017,1,48,13,6,0,51
2017,04/09/2017,1,36,7,68,0,3
2017,05/09/2017,1,45,10,99,0,3
2017,06/09/2017,1,41,12,78,0,39
2017,07/09/2017,1,54,27,63,0,49
2017,08/09/2017,1,49,13,68,0,5
2017,09/09/2017,1,45,16,68,0,55
2017,10/09/2017,1,88,29,62,0,73
2017,11/09/2017,1,56,6,44,S/D,S/D
2017,12/09/2017,1,64,21,7,S/D,S/D
2017,13/09/2017,1,49,16,36,S/D,S/D
2017,14/09/2017,1,61,17,65,S/D,S/D
2017,15/09/2017,1,58,11,24,0,45
2017,16/09/2017,1,4,18,26,0,56
2017,17/09/2017,1,43,17,56,0,74
2017,18/09/2017,1,42,13,76,0,75
2017,19/09/2017,1,52,15,1,S/D,S/D
2017,20/09/2017,1,52,9,94,0,89
2017,21/09/2017,1,39,8,87,0,59
2017,22/09/2017,1,4,11,3,0,64
2017,23/09/2017,1,97,37,27,1,31
2017,24/09/2017,1,44,12,57,0,69
2017,25/09/2017,1,47,21,87,0,86
2017,26/09/2017,1,42,11,32,0,76
2017,27/09/2017,1,37,9,63,1,87
2017,28/09/2017,1,4,14,92,0,56
2017,29/09/2017,1,4,7,17,0,71
2017,30/09/2017,1,61,16,67,S/D,S/D
2017,01/10/2017,1,68,15,74,S/D,S/D
2017,02/10/2017,1,39,13,75,S/D,S/D
2017,03/10/2017,1,84,21,48,1,18
2017,04/10/2017,1,98,25,61,1,12
2017,05/10/2017,1,6,12,45,0,88
2017,06/10/2017,1,9,30,42,1,24
2017,07/10/2017,1,46,11,42,0,38
2017,08/10/2017,1,47,13,29,0,7
2017,09/10/2017,1,62,12,84,0,86
2017,10/10/2017,1,46,11,42,0,38
2017,11/10/2017,1,41,7,5,0,62
2017,12/10/2017,1,33,11,38,0,66
2017,13/10/2017,1,41,15,15,0,42
2017,14/10/2017,1,68,28,62,0,53
2017,15/10/2017,1,63,21,37,0,6
2017,16/10/2017,1,51,18,53,S/D,S/D
2017,17/10/2017,1,61,12,57,S/D,S/D
2017,18/10/2017,1,84,24,39,0,8
2017,19/10/2017,1,58,11,75,0,56
2017,20/10/2017,1,52,11,62,0,37
2017,21/10/2017,1,72,12,91,0,54
2017,22/10/2017,1,49,7,82,S/D,S/D
2017,23/10/2017,1,48,9,41,S/D,S/D
2017,24/10/2017,1,61,13,72,0,5
2017,25/10/2017,1,5,24,83,0,5
2017,26/10/2017,1,61,20,77,0,49
2017,27/10/2017,1,44,13,79,0,47
2017,28/10/2017,1,5,14,78,0,4
2017,29/10/2017,1,5,16,52,0,41
2017,30/10/2017,1,55,9,6,0,46
2017,31/10/2017,1,59,23,72,0,32
2017,01/11/2017,1,57,20,56,0,43
2017,02/11/2017,1,52,8,76,0,49
2017,03/11/2017,1,27,18,38,91,37
2017,04/11/2017,1,57,18,79,1,1
2017,05/11/2017,1,55,14,68,0,48
2017,06/11/2017,1,47,10,4,0,38
2017,07/11/2017,1,59,11,69,0,46
2017,08/11/2017,1,55,8,85,0,46
2017,09/11/2017,1,64,14,59,0,46
2017,10/11/2017,1,92,27,S/D,46,42
2017,11/11/2017,1,48,11,S/D,41,S/D
2017,12/11/2017,1,4,20,S/D,S/D,45
2017,13/11/2017,1,47,17,S/D,S/D,35
2017,14/11/2017,1,34,8,S/D,42,26
2017,15/11/2017,1,42,5,13,22,13
2017,16/11/2017,1,42,5,13,22,13
2017,17/11/2017,1,44,16,95,0,45
2017,18/11/2017,1,39,9,63,0,38
2017,19/11/2017,1,58,26,77,0,5
2017,20/11/2017,1,34,12,7,S/D,S/D
2017,21/11/2017,1,89,24,S/D,S/D,33
2017,22/11/2017,1,41,13,77,0,36
2017,23/11/2017,1,54,12,79,0,41
2017,24/11/2017,1,5,7,84,0,29
2017,25/11/2017,1,51,13,66,0,31
2017,26/11/2017,1,S/D,S/D,19,31,S/D
2017,27/11/2017,1,S/D,S/D,19,48,S/D
2017,28/11/2017,1,38,S/D,55,0,48
2017,29/11/2017,1,34,S/D,S/D,16,S/D
2017,30/11/2017,1,37,15,99,0,41
,,,,,,,